trade_date,energy_price,energy_volume,CAD/USD,DXY,EUR/USD,NOK/USD,RUB/USD,oil_storage
2021-01-04T00:00:00.000+0000,47.62,528525,0.786,89.88,1.2251,0.117,0.0135,485459
2021-01-05T00:00:00.000+0000,49.93,643191,0.7824,89.44,1.2252,0.1169,0.0134,485459
2021-01-06T00:00:00.000+0000,50.63,509365,0.789,89.53,1.23,0.1182,0.0135,485459
2021-01-07T00:00:00.000+0000,50.83,369292,0.7896,89.83,1.2341,0.1191,0.0135,485459
2021-01-08T00:00:00.000+0000,52.24,499416,0.7884,90.1,1.2271,0.1187,0.0134,482211
2021-01-11T00:00:00.000+0000,52.25,394822,0.7855,90.54,1.2186,0.1182,0.0134,482211
2021-01-12T00:00:00.000+0000,53.21,400200,0.783,90.05,1.2161,0.1173,0.0134,482211
2021-01-13T00:00:00.000+0000,52.91,429898,0.7869,90.32,1.2209,0.1184,0.0136,482211
2021-01-14T00:00:00.000+0000,53.57,390087,0.7875,90.24,1.2162,0.1182,0.0135,482211
2021-01-15T00:00:00.000+0000,52.36,165668,0.7907,90.78,1.2151,0.1181,0.0136,486563
2021-01-19T00:00:00.000+0000,52.98,125964,0.7844,90.5,1.2077,0.1164,0.0135,486563
2021-01-20T00:00:00.000+0000,53.24,400301,0.786,90.47,1.2139,0.1174,0.0136,486563
2021-01-21T00:00:00.000+0000,53.13,352397,0.792,90.13,1.2116,0.118,0.0136,486563
2021-01-22T00:00:00.000+0000,52.27,437484,0.7907,90.24,1.2166,0.119,0.0135,476653
2021-01-25T00:00:00.000+0000,52.77,349076,0.786,90.39,1.2169,0.1181,0.0133,476653
2021-01-26T00:00:00.000+0000,52.61,314538,0.7851,90.17,1.2146,0.1172,0.0133,476653
2021-01-27T00:00:00.000+0000,52.85,442376,0.7878,90.65,1.2163,0.117,0.0133,476653
2021-01-28T00:00:00.000+0000,52.34,411406,0.7803,90.46,1.2105,0.1155,0.0132,476653
2021-01-29T00:00:00.000+0000,52.2,410914,0.7794,90.58,1.212,0.1163,0.0131,475659
2021-02-01T00:00:00.000+0000,53.55,416067,0.7811,91.02,1.2124,0.1162,0.0132,475659
2021-02-02T00:00:00.000+0000,54.76,463718,0.7785,91.2,1.2069,0.1165,0.0131,475659
2021-02-03T00:00:00.000+0000,55.69,448693,0.7822,91.12,1.2039,0.1163,0.0131,475659
2021-02-04T00:00:00.000+0000,56.23,381404,0.7822,91.53,1.2042,0.1166,0.0132,475659
2021-02-05T00:00:00.000+0000,56.85,400833,0.7799,91.04,1.1967,0.1159,0.0132,469014
2021-02-08T00:00:00.000+0000,57.97,399724,0.7838,90.93,1.2049,0.1173,0.0134,469014
2021-02-09T00:00:00.000+0000,58.36,514698,0.7851,90.44,1.2054,0.1178,0.0135,469014
2021-02-10T00:00:00.000+0000,58.68,457535,0.7876,90.37,1.212,0.1184,0.0135,469014
2021-02-11T00:00:00.000+0000,58.24,380445,0.7876,90.42,1.2121,0.1182,0.0135,469014
2021-02-12T00:00:00.000+0000,59.47,480822,0.7874,90.48,1.2132,0.118,0.0136,461757
2021-02-16T00:00:00.000+0000,60.05,602332,0.7914,90.51,1.2132,0.1192,0.0136,461757
2021-02-17T00:00:00.000+0000,61.14,335419,0.7868,90.95,1.2092,0.1182,0.0136,461757
2021-02-18T00:00:00.000+0000,60.52,132035,0.7874,90.59,1.2048,0.1177,0.0136,461757
2021-02-19T00:00:00.000+0000,59.24,102427,0.7886,90.36,1.2092,0.1182,0.0135,463042
2021-02-22T00:00:00.000+0000,61.49,505773,0.7937,90.01,1.2126,0.1184,0.0135,463042
2021-02-23T00:00:00.000+0000,61.67,570677,0.7931,90.17,1.2167,0.1178,0.0135,463042
2021-02-24T00:00:00.000+0000,63.22,489933,0.7941,90.18,1.2152,0.1181,0.0135,463042
2021-02-25T00:00:00.000+0000,63.53,510357,0.7994,90.13,1.2171,0.1195,0.0136,463042
2021-02-26T00:00:00.000+0000,61.5,472723,0.793,90.93,1.216,0.1176,0.0134,484605
2021-03-01T00:00:00.000+0000,60.64,456679,0.7876,91.04,1.209,0.1159,0.0134,484605
2021-03-02T00:00:00.000+0000,59.75,464133,0.791,90.79,1.2051,0.1169,0.0135,484605
2021-03-03T00:00:00.000+0000,61.28,465311,0.7914,90.95,1.2085,0.118,0.0136,484605
2021-03-04T00:00:00.000+0000,63.83,694628,0.7892,91.63,1.2051,0.1174,0.0135,484605
2021-03-05T00:00:00.000+0000,66.09,573168,0.7888,91.98,1.1968,0.1166,0.0134,498403
2021-03-08T00:00:00.000+0000,65.05,533376,0.7916,92.31,1.1926,0.1174,0.0135,498403
2021-03-09T00:00:00.000+0000,64.01,554564,0.79,91.96,1.1852,0.1172,0.0134,498403
2021-03-10T00:00:00.000+0000,64.44,498488,0.7909,91.79,1.1898,0.1181,0.0135,498403
2021-03-11T00:00:00.000+0000,66.02,441063,0.7924,91.42,1.1926,0.1186,0.0136,498403
2021-03-12T00:00:00.000+0000,65.61,321714,0.798,91.68,1.1986,0.1189,0.0136,500799
2021-03-15T00:00:00.000+0000,65.39,378009,0.802,91.83,1.195,0.1188,0.0136,500799
2021-03-16T00:00:00.000+0000,64.8,317537,0.8016,91.87,1.1926,0.1183,0.0137,500799
2021-03-17T00:00:00.000+0000,64.6,254724,0.8037,91.4,1.1902,0.118,0.0137,500799
2021-03-18T00:00:00.000+0000,60,143597,0.8071,91.85,1.1983,0.1191,0.0136,500799
2021-03-19T00:00:00.000+0000,61.42,84171,0.8006,91.92,1.1918,0.1175,0.0135,502711
2021-03-22T00:00:00.000+0000,61.55,404370,0.7985,91.8,1.1883,0.1169,0.0135,502711
2021-03-23T00:00:00.000+0000,57.76,712317,0.7987,92.34,1.1933,0.1177,0.0134,502711
2021-03-24T00:00:00.000+0000,61.18,566291,0.7943,92.53,1.184,0.1155,0.0131,502711
2021-03-25T00:00:00.000+0000,58.56,580105,0.7951,92.88,1.1813,0.1166,0.0131,502711
2021-03-26T00:00:00.000+0000,60.97,471996,0.7935,92.77,1.1777,0.1159,0.0131,501835
2021-03-29T00:00:00.000+0000,61.56,449360,0.7946,92.94,1.1788,0.1165,0.0132,501835
2021-03-30T00:00:00.000+0000,60.55,388188,0.7943,93.3,1.1771,0.117,0.0132,501835
2021-03-31T00:00:00.000+0000,59.16,414162,0.7923,93.23,1.1724,0.117,0.0132,501835
2021-04-01T00:00:00.000+0000,61.45,605567,0.7959,92.93,1.1729,0.117,0.0132,501835
2021-04-05T00:00:00.000+0000,58.65,438864,0.7959,92.6,1.1768,0.1173,0.0131,498313
2021-04-06T00:00:00.000+0000,59.33,457348,0.7987,92.34,1.1819,0.1177,0.0131,498313
2021-04-07T00:00:00.000+0000,59.77,475537,0.7955,92.46,1.1874,0.118,0.013,498313
2021-04-08T00:00:00.000+0000,59.6,419913,0.7929,92.06,1.1874,0.118,0.013,498313
2021-04-09T00:00:00.000+0000,59.32,351436,0.796,92.16,1.1916,0.1183,0.013,492423
2021-04-12T00:00:00.000+0000,59.7,410218,0.798,92.14,1.1901,0.1176,0.0129,492423
2021-04-13T00:00:00.000+0000,60.18,349733,0.7962,91.85,1.1915,0.1179,0.0129,492423
2021-04-14T00:00:00.000+0000,63.15,419813,0.7976,91.69,1.1954,0.1181,0.0132,492423
2021-04-15T00:00:00.000+0000,63.46,243370,0.7989,91.67,1.1986,0.1192,0.0132,492423
2021-04-16T00:00:00.000+0000,63.13,87795,0.7972,91.56,1.1972,0.1194,0.0131,493017
2021-04-19T00:00:00.000+0000,63.38,74384,0.7989,91.07,1.1969,0.1193,0.0132,493017
2021-04-20T00:00:00.000+0000,62.44,476046,0.7986,91.24,1.2045,0.1207,0.0131,493017
2021-04-21T00:00:00.000+0000,61.35,431486,0.7929,91.16,1.2032,0.1196,0.013,493017
2021-04-22T00:00:00.000+0000,61.43,344700,0.7998,91.33,1.2038,0.12,0.0131,493017
2021-04-23T00:00:00.000+0000,62.14,345407,0.7998,90.86,1.2015,0.1197,0.0132,493107
2021-04-26T00:00:00.000+0000,61.91,366865,0.8008,90.81,1.209,0.1204,0.0133,493107
2021-04-27T00:00:00.000+0000,62.94,361536,0.8067,90.91,1.2082,0.1206,0.0133,493107
2021-04-28T00:00:00.000+0000,63.86,387683,0.806,90.61,1.209,0.1209,0.0134,493107
2021-04-29T00:00:00.000+0000,65.01,384489,0.8128,90.61,1.2136,0.1224,0.0134,493107
2021-04-30T00:00:00.000+0000,63.58,400515,0.8146,91.28,1.2127,0.1223,0.0134,485117
2021-05-03T00:00:00.000+0000,64.49,285969,0.8144,90.95,1.2028,0.1203,0.0133,485117
2021-05-04T00:00:00.000+0000,65.69,370208,0.8143,91.29,1.2061,0.1207,0.0134,485117
2021-05-05T00:00:00.000+0000,65.63,460066,0.813,91.31,1.2015,0.1201,0.0134,485117
2021-05-06T00:00:00.000+0000,64.71,389214,0.8152,90.95,1.2008,0.1199,0.0134,485117
2021-05-07T00:00:00.000+0000,64.9,431417,0.8228,90.23,1.2069,0.1205,0.0135,484691
2021-05-10T00:00:00.000+0000,64.92,448337,0.8255,90.21,1.2171,0.1219,0.0136,484691
2021-05-11T00:00:00.000+0000,65.28,514949,0.8269,90.14,1.2141,0.1212,0.0135,484691
2021-05-12T00:00:00.000+0000,66.08,508519,0.8267,90.71,1.2145,0.1212,0.0135,484691
2021-05-13T00:00:00.000+0000,63.82,547691,0.825,90.75,1.2079,0.1199,0.0134,484691
2021-05-14T00:00:00.000+0000,65.37,383749,0.8218,90.32,1.2077,0.1197,0.0135,486011
2021-05-17T00:00:00.000+0000,66.27,268476,0.8257,90.22,1.215,0.1217,0.0135,486011
2021-05-18T00:00:00.000+0000,65.49,167348,0.8291,89.75,1.2157,0.1212,0.0136,486011
2021-05-19T00:00:00.000+0000,63.36,101902,0.8283,90.19,1.2224,0.1215,0.0136,486011
2021-05-20T00:00:00.000+0000,62.05,524168,0.8242,89.81,1.2173,0.1201,0.0136,486011
2021-05-21T00:00:00.000+0000,63.58,530831,0.829,90.02,1.2225,0.1204,0.0136,484349
2021-05-24T00:00:00.000+0000,66.05,466647,0.8287,89.83,1.2183,0.1194,0.0136,484349
2021-05-25T00:00:00.000+0000,66.07,497394,0.8299,89.64,1.2215,0.12,0.0136,484349
2021-05-26T00:00:00.000+0000,66.21,376207,0.8289,90.04,1.2249,0.1204,0.0136,484349
2021-05-27T00:00:00.000+0000,66.85,337542,0.8244,89.97,1.2193,0.1195,0.0136,484349
2021-05-28T00:00:00.000+0000,66.32,390461,0.8285,90.03,1.2193,0.1198,0.0136,479270
2021-06-01T00:00:00.000+0000,67.72,570985,0.8291,89.83,1.2233,0.1204,0.0136,479270
2021-06-02T00:00:00.000+0000,68.83,332995,0.8286,89.9,1.2218,0.1203,0.0136,479270
2021-06-03T00:00:00.000+0000,68.81,351367,0.8307,90.5,1.221,0.1205,0.0137,479270
2021-06-04T00:00:00.000+0000,69.62,326250,0.826,90.14,1.2133,0.1194,0.0137,474029
2021-06-07T00:00:00.000+0000,69.23,365621,0.8281,89.95,1.2168,0.1204,0.0137,474029
2021-06-08T00:00:00.000+0000,70.05,441302,0.8274,90.08,1.2194,0.121,0.0137,474029
2021-06-09T00:00:00.000+0000,69.96,410820,0.8257,90.12,1.2173,0.121,0.0138,474029
2021-06-10T00:00:00.000+0000,70.29,492464,0.8255,90.08,1.2182,0.1209,0.0138,474029
2021-06-11T00:00:00.000+0000,70.91,563575,0.8269,90.56,1.2173,0.1209,0.0139,466674
2021-06-14T00:00:00.000+0000,70.88,319639,0.8225,90.52,1.211,0.1198,0.0139,466674
2021-06-15T00:00:00.000+0000,72.12,336035,0.8237,90.54,1.2122,0.1203,0.0139,466674
2021-06-16T00:00:00.000+0000,72.15,426775,0.8206,91.13,1.2127,0.1203,0.0138,466674
2021-06-17T00:00:00.000+0000,71.04,373780,0.8145,91.89,1.1996,0.118,0.0138,466674
2021-06-18T00:00:00.000+0000,71.64,139584,0.81,92.23,1.1913,0.1171,0.0138,459060
2021-06-21T00:00:00.000+0000,73.66,123662,0.8032,91.86,1.1874,0.1154,0.0137,459060
2021-06-22T00:00:00.000+0000,73.06,498555,0.8084,91.73,1.1913,0.1166,0.0137,459060
2021-06-23T00:00:00.000+0000,73.08,429207,0.8123,91.8,1.1937,0.1171,0.0137,459060
2021-06-24T00:00:00.000+0000,73.3,334833,0.8128,91.82,1.1933,0.1172,0.0138,459060
2021-06-25T00:00:00.000+0000,74.05,364721,0.8115,91.81,1.193,0.1176,0.0138,452342
2021-06-28T00:00:00.000+0000,72.91,354701,0.8135,91.88,1.1942,0.1178,0.0138,452342
2021-06-29T00:00:00.000+0000,72.98,321448,0.8108,92.05,1.1929,0.1174,0.0138,452342
2021-06-30T00:00:00.000+0000,73.47,383626,0.8067,92.44,1.1902,0.1169,0.0138,452342
2021-07-01T00:00:00.000+0000,75.23,615678,0.8069,92.6,1.1857,0.1162,0.0137,452342
2021-07-02T00:00:00.000+0000,75.16,377531,0.8038,92.23,1.1846,0.1159,0.0136,445476
2021-07-06T00:00:00.000+0000,73.37,714044,0.8104,92.55,1.1864,0.1168,0.0136,445476
2021-07-07T00:00:00.000+0000,72.2,607971,0.8027,92.64,1.1825,0.1149,0.0134,445476
2021-07-08T00:00:00.000+0000,72.94,529690,0.8012,92.36,1.1793,0.1145,0.0134,445476
2021-07-09T00:00:00.000+0000,74.56,422154,0.7982,92.13,1.1848,0.1139,0.0134,437580
2021-07-12T00:00:00.000+0000,74.1,397931,0.8034,92.23,1.1873,0.1152,0.0135,437580
2021-07-13T00:00:00.000+0000,75.25,444078,0.8029,92.75,1.1865,0.1152,0.0134,437580
2021-07-14T00:00:00.000+0000,73.13,528360,0.7987,92.41,1.1775,0.114,0.0135,437580
2021-07-15T00:00:00.000+0000,71.65,368679,0.799,92.62,1.1833,0.1145,0.0135,437580
2021-07-16T00:00:00.000+0000,71.81,133926,0.7943,92.69,1.1812,0.1133,0.0134,439687
2021-07-19T00:00:00.000+0000,66.42,82565,0.7926,92.89,1.1814,0.113,0.0135,439687
2021-07-20T00:00:00.000+0000,67.42,561629,0.7846,92.97,1.1794,0.1117,0.0134,439687
2021-07-21T00:00:00.000+0000,70.3,503030,0.7889,92.75,1.1784,0.1111,0.0135,439687
2021-07-22T00:00:00.000+0000,71.91,435181,0.7956,92.82,1.1793,0.1126,0.0135,439687
2021-07-23T00:00:00.000+0000,72.07,274778,0.7959,92.91,1.1773,0.113,0.0136,435598
2021-07-26T00:00:00.000+0000,71.91,395743,0.7957,92.65,1.1773,0.113,0.0136,435598
2021-07-27T00:00:00.000+0000,71.65,333123,0.7974,92.43,1.1808,0.1134,0.0136,435598
2021-07-28T00:00:00.000+0000,72.39,318911,0.7942,92.32,1.1823,0.1127,0.0136,435598
2021-07-29T00:00:00.000+0000,73.62,294462,0.7987,91.86,1.1846,0.1137,0.0136,435598
2021-07-30T00:00:00.000+0000,73.95,303700,0.8033,92.17,1.1893,0.1146,0.0137,439225
2021-08-02T00:00:00.000+0000,71.26,448200,0.8021,92.05,1.1867,0.1133,0.0137,439225
2021-08-03T00:00:00.000+0000,70.56,509938,0.7999,92.08,1.1875,0.1133,0.0137,439225
2021-08-04T00:00:00.000+0000,68.15,582924,0.7979,92.27,1.1869,0.1135,0.0137,439225
2021-08-05T00:00:00.000+0000,69.09,416331,0.7971,92.24,1.1837,0.1131,0.0137,439225
2021-08-06T00:00:00.000+0000,68.28,537136,0.7999,92.8,1.1836,0.1135,0.0137,438777
2021-08-09T00:00:00.000+0000,66.48,598381,0.7955,92.95,1.175,0.1121,0.0136,438777
2021-08-10T00:00:00.000+0000,68.29,452126,0.7953,93.06,1.1738,0.1118,0.0136,438777
2021-08-11T00:00:00.000+0000,69.25,513292,0.7988,92.91,1.1723,0.112,0.0135,438777
2021-08-12T00:00:00.000+0000,69.09,352465,0.7996,93.04,1.1742,0.113,0.0136,438777
2021-08-13T00:00:00.000+0000,68.44,272033,0.7987,92.52,1.1736,0.113,0.0136,435544
2021-08-16T00:00:00.000+0000,67.29,334844,0.799,92.63,1.1795,0.1136,0.0137,435544
2021-08-17T00:00:00.000+0000,66.59,235303,0.7956,93.13,1.178,0.1133,0.0136,435544
2021-08-18T00:00:00.000+0000,65.46,121197,0.792,93.14,1.171,0.1122,0.0136,435544
2021-08-19T00:00:00.000+0000,63.69,88237,0.7897,93.57,1.1703,0.1122,0.0135,435544
2021-08-20T00:00:00.000+0000,62.32,365009,0.7793,93.5,1.1677,0.1106,0.0135,432564
2021-08-23T00:00:00.000+0000,65.64,397290,0.7797,92.96,1.1698,0.1108,0.0135,432564
2021-08-24T00:00:00.000+0000,67.54,335888,0.7905,92.89,1.1745,0.1122,0.0135,432564
2021-08-25T00:00:00.000+0000,68.36,353742,0.7939,92.83,1.1753,0.1132,0.0136,432564
2021-08-26T00:00:00.000+0000,67.42,344286,0.7944,93.06,1.1774,0.1135,0.0136,432564
2021-08-27T00:00:00.000+0000,68.74,326056,0.7883,92.69,1.1756,0.1133,0.0135,425395
2021-08-30T00:00:00.000+0000,69.21,360797,0.793,92.65,1.1799,0.1148,0.0136,425395
2021-08-31T00:00:00.000+0000,68.5,325853,0.7931,92.63,1.1797,0.1154,0.0136,425395
2021-09-01T00:00:00.000+0000,68.59,399497,0.7926,92.45,1.181,0.1151,0.0136,425395
2021-09-02T00:00:00.000+0000,69.99,403314,0.7923,92.23,1.1841,0.1151,0.0137,425395
2021-09-03T00:00:00.000+0000,69.29,313086,0.7967,92.04,1.1876,0.1157,0.0137,423867
2021-09-07T00:00:00.000+0000,68.35,481704,0.7978,92.52,1.1875,0.1155,0.0137,423867
2021-09-08T00:00:00.000+0000,69.3,389325,0.7907,92.65,1.1844,0.1152,0.0136,423867
2021-09-09T00:00:00.000+0000,68.14,556451,0.7878,92.48,1.1819,0.1149,0.0137,423867
2021-09-10T00:00:00.000+0000,69.72,411079,0.7897,92.58,1.1826,0.1153,0.0137,417445
2021-09-13T00:00:00.000+0000,70.45,390939,0.7887,92.62,1.1812,0.1155,0.0137,417445
2021-09-14T00:00:00.000+0000,70.46,414231,0.7906,92.65,1.1812,0.1157,0.0138,417445
2021-09-15T00:00:00.000+0000,72.61,418665,0.788,92.49,1.1805,0.1157,0.0137,417445
2021-09-16T00:00:00.000+0000,72.61,298412,0.7925,92.86,1.182,0.1168,0.0138,417445
2021-09-17T00:00:00.000+0000,71.97,119933,0.7886,93.2,1.1767,0.1159,0.0138,413964
2021-09-20T00:00:00.000+0000,70.29,75837,0.7835,93.24,1.173,0.115,0.0137,413964
2021-09-21T00:00:00.000+0000,70.56,393403,0.7811,93.2,1.173,0.1148,0.0136,413964
2021-09-22T00:00:00.000+0000,72.23,381061,0.78,93.46,1.1723,0.1152,0.0137,413964
2021-09-23T00:00:00.000+0000,73.3,403405,0.7821,93.1,1.1688,0.1155,0.0137,413964
2021-09-24T00:00:00.000+0000,73.98,350382,0.7898,93.33,1.174,0.1167,0.0138,418542
2021-09-27T00:00:00.000+0000,75.45,417829,0.7906,93.38,1.1723,0.1168,0.0138,418542
2021-09-28T00:00:00.000+0000,75.29,476143,0.792,93.77,1.1697,0.1163,0.0138,418542
2021-09-29T00:00:00.000+0000,74.83,424193,0.7888,94.34,1.1686,0.1155,0.0137,418542
2021-09-30T00:00:00.000+0000,75.03,583189,0.7841,94.25,1.1602,0.1141,0.0137,418542
2021-10-01T00:00:00.000+0000,75.88,388996,0.7884,94.04,1.1574,0.1143,0.0138,420887
2021-10-04T00:00:00.000+0000,77.62,458006,0.7921,93.81,1.1607,0.1161,0.0137,420887
2021-10-05T00:00:00.000+0000,78.93,449617,0.7943,93.98,1.1618,0.1167,0.0138,420887
2021-10-06T00:00:00.000+0000,77.43,459055,0.7947,94.27,1.1596,0.1172,0.0138,420887
2021-10-07T00:00:00.000+0000,78.3,545008,0.7945,94.22,1.1555,0.1166,0.0138,420887
2021-10-08T00:00:00.000+0000,79.35,662010,0.797,94.07,1.156,0.1167,0.0139,426975
2021-10-11T00:00:00.000+0000,80.52,653756,0.801,94.32,1.1566,0.117,0.0139,426975
2021-10-12T00:00:00.000+0000,80.64,598181,0.8013,94.52,1.1554,0.1165,0.0139,426975
2021-10-13T00:00:00.000+0000,80.44,487220,0.8015,94.08,1.1534,0.1169,0.0139,426975
2021-10-14T00:00:00.000+0000,81.31,399813,0.8041,93.96,1.16,0.1178,0.0139,426975
2021-10-15T00:00:00.000+0000,82.28,277953,0.8081,93.94,1.1592,0.1183,0.014,426544
2021-10-18T00:00:00.000+0000,82.44,134098,0.8082,93.95,1.1597,0.1186,0.0141,426544
2021-10-19T00:00:00.000+0000,82.96,82607,0.8083,93.79,1.1614,0.1189,0.014,426544
2021-10-20T00:00:00.000+0000,83.87,530693,0.8095,93.56,1.1632,0.1198,0.0141,426544
2021-10-21T00:00:00.000+0000,82.5,567503,0.8114,93.77,1.1655,0.1203,0.0141,426544
2021-10-22T00:00:00.000+0000,83.76,465355,0.8084,93.61,1.1625,0.1196,0.0141,430812
2021-10-25T00:00:00.000+0000,83.76,568725,0.8083,93.81,1.164,0.1197,0.0142,430812
2021-10-26T00:00:00.000+0000,84.65,467716,0.8078,93.95,1.1612,0.1198,0.0143,430812
2021-10-27T00:00:00.000+0000,82.66,529952,0.807,93.86,1.1598,0.1196,0.0144,430812
2021-10-28T00:00:00.000+0000,82.81,491585,0.8084,93.35,1.16,0.1188,0.0142,430812
2021-10-29T00:00:00.000+0000,83.57,507309,0.81,94.12,1.1684,0.1201,0.0143,434102
2021-11-01T00:00:00.000+0000,84.05,412309,0.8076,93.88,1.1557,0.1183,0.0141,434102
2021-11-02T00:00:00.000+0000,83.91,429608,0.8082,94.09,1.16,0.1188,0.014,434102
2021-11-03T00:00:00.000+0000,80.86,546577,0.8059,93.86,1.1579,0.1173,0.014,434102
2021-11-04T00:00:00.000+0000,78.81,701119,0.8079,94.35,1.1616,0.1178,0.0139,434102
2021-11-05T00:00:00.000+0000,81.27,531054,0.8031,94.32,1.1555,0.117,0.014,435104
2021-11-08T00:00:00.000+0000,81.93,393953,0.8032,94.05,1.1569,0.117,0.014,435104
2021-11-09T00:00:00.000+0000,84.15,504832,0.8037,93.96,1.1592,0.1177,0.014,435104
2021-11-10T00:00:00.000+0000,81.34,555215,0.8041,94.85,1.1596,0.1176,0.0141,435104
2021-11-11T00:00:00.000+0000,81.59,475436,0.8009,95.18,1.1486,0.1158,0.014,435104
2021-11-12T00:00:00.000+0000,80.79,390304,0.7944,95.13,1.1451,0.1152,0.014,433003
2021-11-15T00:00:00.000+0000,80.88,343484,0.7971,95.41,1.1442,0.1151,0.0137,433003
2021-11-16T00:00:00.000+0000,80.76,325668,0.7991,95.92,1.1366,0.1147,0.0138,433003
2021-11-17T00:00:00.000+0000,78.36,174471,0.7958,95.83,1.1321,0.1143,0.0137,433003
2021-11-18T00:00:00.000+0000,79.01,83984,0.7929,95.54,1.1321,0.1145,0.0138,433003
2021-11-19T00:00:00.000+0000,76.1,623448,0.7934,96.07,1.1368,0.1135,0.0137,434020
2021-11-22T00:00:00.000+0000,76.75,465768,0.7903,96.5,1.1276,0.112,0.0136,434020
2021-11-23T00:00:00.000+0000,78.5,506987,0.7873,96.49,1.1242,0.112,0.0133,434020
2021-11-24T00:00:00.000+0000,78.39,328848,0.7889,96.84,1.1245,0.1124,0.0135,434020
2021-11-26T00:00:00.000+0000,68.15,844630,0.7897,96.09,1.121,0.1114,0.0134,433111
2021-11-29T00:00:00.000+0000,69.95,675090,0.7859,96.34,1.1293,0.1104,0.0132,433111
2021-11-30T00:00:00.000+0000,66.18,722475,0.7851,95.99,1.1293,0.111,0.0134,433111
2021-12-01T00:00:00.000+0000,65.57,602447,0.7828,96.05,1.133,0.1105,0.0135,433111
2021-12-02T00:00:00.000+0000,66.5,668293,0.7806,96.13,1.132,0.1099,0.0135,433111
2021-12-03T00:00:00.000+0000,66.26,449974,0.7802,96.12,1.1306,0.11,0.0136,432870
2021-12-06T00:00:00.000+0000,69.49,401060,0.7802,96.29,1.1305,0.1092,0.0135,432870
2021-12-07T00:00:00.000+0000,72.05,496528,0.7836,96.37,1.1287,0.11,0.0135,432870
2021-12-08T00:00:00.000+0000,72.36,464846,0.7908,95.89,1.1277,0.111,0.0135,432870
2021-12-09T00:00:00.000+0000,70.94,393205,0.7904,96.27,1.1346,0.1127,0.0136,432870
2021-12-10T00:00:00.000+0000,71.67,397883,0.7869,96.05,1.1293,0.1112,0.0136,428286
2021-12-13T00:00:00.000+0000,71.29,406604,0.7862,96.32,1.1312,0.1118,0.0136,428286
2021-12-14T00:00:00.000+0000,70.73,359454,0.7808,96.57,1.1285,0.1105,0.0136,428286
2021-12-15T00:00:00.000+0000,70.87,294337,0.7772,96.51,1.1261,0.1099,0.0136,428286
2021-12-16T00:00:00.000+0000,72.38,142541,0.779,96.04,1.1291,0.1112,0.0136,428286
2021-12-17T00:00:00.000+0000,70.86,78125,0.7825,96.57,1.1334,0.1113,0.0136,423571
2021-12-20T00:00:00.000+0000,68.23,492217,0.7753,96.55,1.1244,0.1106,0.0135,423571
2021-12-21T00:00:00.000+0000,71.12,358779,0.773,96.49,1.1278,0.1105,0.0135,423571
2021-12-22T00:00:00.000+0000,72.76,306709,0.7738,96.08,1.1288,0.1119,0.0135,423571
2021-12-23T00:00:00.000+0000,73.79,270223,0.7781,96.02,1.1329,0.1128,0.0136,423571
2021-12-27T00:00:00.000+0000,75.57,268490,0.7804,96.09,1.1324,0.125,0.0136,419995
2021-12-28T00:00:00.000+0000,75.98,249728,0.782,96.2,1.133,0.1133,0.0136,419995
2021-12-29T00:00:00.000+0000,76.56,283557,0.7805,95.93,1.1315,0.1137,0.0136,419995
2021-12-30T00:00:00.000+0000,76.99,231163,0.7823,95.97,1.136,0.114,0.0135,419995
2021-12-31T00:00:00.000+0000,75.21,237118,0.7847,95.67,1.1325,0.1136,0.0134,417851
2022-01-03T00:00:00.000+0000,76.08,317628,0.79,96.24,1.1373,0.1137,0.0133,417851
2022-01-04T00:00:00.000+0000,76.99,372848,0.7842,96.29,1.1302,0.1128,0.0134,417851
2022-01-05T00:00:00.000+0000,77.85,397898,0.7871,96.19,1.1284,0.113,0.0133,417851
2022-01-06T00:00:00.000+0000,79.46,476665,0.7837,96.25,1.1313,0.113,0.013,417851
2022-01-07T00:00:00.000+0000,78.9,414434,0.7855,95.74,1.1297,0.1125,0.0131,413298
2022-01-10T00:00:00.000+0000,78.23,389956,0.7907,95.99,1.1354,0.1132,0.0133,413298
2022-01-11T00:00:00.000+0000,81.22,481815,0.7896,95.62,1.133,0.113,0.0134,413298
2022-01-12T00:00:00.000+0000,82.64,420619,0.7951,95,1.1366,0.1141,0.0134,413298
2022-01-13T00:00:00.000+0000,82.12,364769,0.7999,94.79,1.1442,0.1156,0.0134,413298
2022-01-14T00:00:00.000+0000,83.82,364442,0.7995,95.17,1.1457,0.1149,0.0131,413813
2022-01-18T00:00:00.000+0000,85.43,163643,0.799,95.73,1.1411,0.1148,0.0131,413813
2022-01-19T00:00:00.000+0000,86.96,113153,0.8002,95.51,1.133,0.1136,0.013,413813
2022-01-20T00:00:00.000+0000,86.9,532202,0.7993,95.74,1.1343,0.1139,0.0131,413813
2022-01-21T00:00:00.000+0000,85.14,509103,0.8,95.64,1.1314,0.1132,0.0131,416190
2022-01-24T00:00:00.000+0000,83.31,511695,0.7961,95.92,1.1341,0.1124,0.0129,416190
2022-01-25T00:00:00.000+0000,85.6,507219,0.792,95.95,1.1324,0.1116,0.0127,416190
2022-01-26T00:00:00.000+0000,87.35,459642,0.7927,96.49,1.1305,0.1122,0.0127,416190
2022-01-27T00:00:00.000+0000,86.61,427804,0.79,97.26,1.1244,0.1119,0.0126,416190
2022-01-28T00:00:00.000+0000,86.82,436172,0.7846,97.27,1.1147,0.1119,0.0128,415143
2022-01-31T00:00:00.000+0000,88.15,359080,0.7838,96.54,1.1152,0.1112,0.0129,415143
2022-02-01T00:00:00.000+0000,88.2,376841,0.7863,96.39,1.123,0.1123,0.0129,415143
2022-02-02T00:00:00.000+0000,88.26,456863,0.788,95.94,1.1274,0.1133,0.013,415143
2022-02-03T00:00:00.000+0000,90.27,465771,0.7882,95.38,1.13,0.1134,0.0131,415143
2022-02-04T00:00:00.000+0000,92.31,410926,0.7887,95.48,1.1436,0.1147,0.0131,410387
2022-02-07T00:00:00.000+0000,91.32,497754,0.7846,95.4,1.1455,0.1139,0.0132,410387
2022-02-08T00:00:00.000+0000,89.36,467386,0.7895,95.64,1.1443,0.114,0.0133,410387
2022-02-09T00:00:00.000+0000,89.66,445618,0.7871,95.49,1.1421,0.1134,0.0133,410387
2022-02-10T00:00:00.000+0000,89.88,492091,0.7889,95.55,1.1422,0.1135,0.0134,410387
2022-02-11T00:00:00.000+0000,93.1,554423,0.7854,96.08,1.1416,0.1133,0.0133,411508
2022-02-14T00:00:00.000+0000,95.46,467071,0.7859,96.37,1.1365,0.1129,0.0129,411508
2022-02-15T00:00:00.000+0000,92.07,442641,0.7856,95.99,1.1306,0.1126,0.0131,411508
2022-02-16T00:00:00.000+0000,93.66,401453,0.7859,95.7,1.1357,0.1124,0.0132,411508
2022-02-17T00:00:00.000+0000,91.76,212552,0.7877,95.8,1.1375,0.1124,0.0133,411508
2022-02-18T00:00:00.000+0000,91.07,150382,0.7871,96.04,1.1366,0.1122,0.0131,416022
2022-02-22T00:00:00.000+0000,92.35,789041,0.7839,96.03,1.131,0.1111,0.0124,416022
2022-02-23T00:00:00.000+0000,92.1,440574,0.7833,96.19,1.1329,0.1125,0.0127,416022
2022-02-24T00:00:00.000+0000,92.81,872244,0.7853,97.14,1.1306,0.1125,0.0123,416022
2022-02-25T00:00:00.000+0000,91.59,523793,0.7807,96.62,1.1191,0.1116,0.0118,413425
2022-02-28T00:00:00.000+0000,95.72,490796,0.784,96.71,1.1181,0.112,0.012,413425
2022-03-01T00:00:00.000+0000,103.41,698814,0.7895,97.41,1.1216,0.1136,0.0095,413425
2022-03-02T00:00:00.000+0000,110.6,651853,0.7859,97.39,1.1133,0.1127,0.0092,413425
2022-03-03T00:00:00.000+0000,107.67,592031,0.7908,97.79,1.1112,0.113,0.0097,413425
2022-03-04T00:00:00.000+0000,115.68,493875,0.7892,98.65,1.1067,0.1123,0.0091,411562
2022-03-07T00:00:00.000+0000,119.4,576022,0.7865,99.29,1.0875,0.1115,0.0092,411562
2022-03-08T00:00:00.000+0000,123.7,583106,0.7812,99.06,1.0865,0.1106,0.0072,411562
2022-03-09T00:00:00.000+0000,108.7,594773,0.7759,97.97,1.0898,0.1114,0.0077,411562
2022-03-10T00:00:00.000+0000,106.02,437924,0.7813,98.51,1.1074,0.1123,0.0072,411562
2022-03-11T00:00:00.000+0000,109.33,368194,0.784,99.12,1.1014,0.112,0.0075,415907
2022-03-14T00:00:00.000+0000,103.01,344184,0.7852,99.06,1.0932,0.1112,0.0076,415907
2022-03-15T00:00:00.000+0000,96.44,401690,0.78,99.07,1.0943,0.1107,0.0083,415907
2022-03-16T00:00:00.000+0000,95.04,293947,0.7832,98.38,1.0969,0.1112,0.0092,415907
2022-03-17T00:00:00.000+0000,102.98,210763,0.7882,98.01,1.1022,0.1124,0.0099,415907
2022-03-18T00:00:00.000+0000,104.7,74247,0.7917,98.23,1.11,0.1139,0.0097,413399
2022-03-21T00:00:00.000+0000,112.12,77217,0.7933,98.5,1.1043,0.1143,0.0076,413399
2022-03-22T00:00:00.000+0000,111.76,318629,0.7944,98.49,1.1017,0.1145,0.0094,413399
2022-03-23T00:00:00.000+0000,114.93,289182,0.7947,98.62,1.103,0.1142,0.0094,413399
2022-03-24T00:00:00.000+0000,112.34,307238,0.7962,98.79,1.1006,0.1153,0.0103,413399
2022-03-25T00:00:00.000+0000,113.9,320304,0.7987,98.81,1.101,0.1155,0.0098,409950
2022-03-28T00:00:00.000+0000,105.96,372251,0.8008,99.09,1.0982,0.116,0.0099,409950
2022-03-29T00:00:00.000+0000,104.24,387200,0.7988,98.4,1.0994,0.1149,0.0102,409950
2022-03-30T00:00:00.000+0000,107.82,284544,0.8001,97.79,1.1092,0.1154,0.0114,409950
2022-03-31T00:00:00.000+0000,100.28,450845,0.8011,98.31,1.1162,0.1168,0.012,409950
2022-04-01T00:00:00.000+0000,99.27,324777,0.8001,98.63,1.1072,0.1139,0.0122,412371
2022-04-04T00:00:00.000+0000,103.28,288131,0.7983,98.99,1.1047,0.1142,0.0119,412371
2022-04-05T00:00:00.000+0000,101.96,280283,0.8009,99.47,1.0976,0.1148,0.0119,412371
2022-04-06T00:00:00.000+0000,96.23,366036,0.801,99.6,1.0906,0.1141,0.0119,412371
2022-04-07T00:00:00.000+0000,96.03,367318,0.7959,99.75,1.0898,0.1136,0.0122,412371
2022-04-08T00:00:00.000+0000,98.26,310082,0.7945,99.8,1.0865,0.1135,0.0126,421753
2022-04-11T00:00:00.000+0000,94.29,315873,0.7952,99.93,1.0885,0.1149,0.0118,421753
2022-04-12T00:00:00.000+0000,100.6,329037,0.7911,100.29,1.0878,0.1135,0.012,421753
2022-04-13T00:00:00.000+0000,104.25,312502,0.7915,99.88,1.0826,0.1141,0.0117,421753
2022-04-14T00:00:00.000+0000,106.95,244952,0.7958,100.32,1.0897,0.1144,0.0121,421753
2022-04-18T00:00:00.000+0000,108.21,68489,0.7927,100.78,1.0815,0.1136,0.0124,413733
2022-04-19T00:00:00.000+0000,102.56,71792,0.7936,100.96,1.0782,0.1132,0.0123,413733
2022-04-20T00:00:00.000+0000,102.75,299028,0.7934,100.39,1.0794,0.1133,0.0124,413733
2022-04-21T00:00:00.000+0000,103.79,280321,0.8009,100.58,1.085,0.1136,0.0121,413733
2022-04-22T00:00:00.000+0000,102.07,246116,0.7943,101.22,1.0835,0.1125,0.0124,414424
2022-04-25T00:00:00.000+0000,98.54,328153,0.7861,101.75,1.0811,0.1118,0.0129,414424
2022-04-26T00:00:00.000+0000,101.7,351850,0.7852,102.3,1.0714,0.1097,0.0132,414424
2022-04-27T00:00:00.000+0000,102.02,278781,0.7809,102.95,1.0644,0.1083,0.0135,414424
2022-04-28T00:00:00.000+0000,105.36,312064,0.7804,103.62,1.0555,0.1073,0.0135,414424
2022-04-29T00:00:00.000+0000,104.69,294386,0.781,102.96,1.0504,0.1063,0.0138,415727
2022-05-02T00:00:00.000+0000,105.17,261878,0.778,103.74,1.0536,0.1065,0.0136,415727
2022-05-03T00:00:00.000+0000,102.41,239266,0.7768,103.47,1.0509,0.1061,0.0142,415727
2022-05-04T00:00:00.000+0000,107.81,272909,0.7792,102.59,1.0529,0.1065,0.0149,415727
2022-05-05T00:00:00.000+0000,108.26,286916,0.7851,103.75,1.0622,0.1084,0.0149,415727
2022-05-06T00:00:00.000+0000,109.77,294278,0.7796,103.66,1.054,0.1055,0.0154,424214
2022-05-09T00:00:00.000+0000,103.09,368183,0.7741,103.65,1.0532,0.105,0.0145,424214
2022-05-10T00:00:00.000+0000,99.76,389750,0.7687,103.92,1.0566,0.1036,0.0143,424214
2022-05-11T00:00:00.000+0000,105.71,382701,0.7674,103.85,1.0533,0.1028,0.0143,424214
2022-05-12T00:00:00.000+0000,106.13,323547,0.7696,104.85,1.0512,0.1026,0.015,424214
2022-05-13T00:00:00.000+0000,110.49,240989,0.7679,104.56,1.038,0.1014,0.0154,420820
2022-05-16T00:00:00.000+0000,114.2,289127,0.7748,104.19,1.0401,0.1024,0.015,420820
2022-05-17T00:00:00.000+0000,112.4,252630,0.7782,103.36,1.0439,0.1024,0.0155,420820
2022-05-18T00:00:00.000+0000,109.59,103669,0.7808,103.81,1.0548,0.1036,0.0154,420820
2022-05-19T00:00:00.000+0000,112.21,68511,0.7761,102.72,1.0473,0.1012,0.0156,420820
2022-05-20T00:00:00.000+0000,113.23,229930,0.7801,103.15,1.0579,0.1032,0.0161,419801
2022-05-23T00:00:00.000+0000,110.29,215623,0.7805,102.08,1.057,0.1028,0.016,419801
2022-05-24T00:00:00.000+0000,109.77,224794,0.782,101.86,1.0682,0.1041,0.0171,419801
2022-05-25T00:00:00.000+0000,110.33,191370,0.7799,102.06,1.0737,0.1046,0.0175,419801
2022-05-26T00:00:00.000+0000,114.09,234752,0.78,101.83,1.0687,0.1045,0.0166,419801
2022-05-27T00:00:00.000+0000,115.07,217281,0.7829,101.67,1.0733,0.1051,0.0156,414733
2022-05-31T00:00:00.000+0000,114.67,440796,0.7902,101.75,1.0774,0.1063,0.0155,414733
2022-06-01T00:00:00.000+0000,115.26,290530,0.7912,102.55,1.0734,0.1069,0.0159,414733
2022-06-02T00:00:00.000+0000,116.87,327600,0.7896,101.77,1.0654,0.1055,0.0158,414733
2022-06-03T00:00:00.000+0000,118.87,240831,0.7956,102.14,1.0751,0.1068,0.0158,416758
2022-06-06T00:00:00.000+0000,118.5,246825,0.7946,102.44,1.0726,0.1061,0.0158,416758
2022-06-07T00:00:00.000+0000,119.41,341694,0.7949,102.32,1.0691,0.1061,0.0163,416758
2022-06-08T00:00:00.000+0000,122.11,340591,0.7977,102.54,1.0699,0.1057,0.016,416758
2022-06-09T00:00:00.000+0000,121.51,293295,0.7967,103.22,1.0718,0.1055,0.0167,416758
2022-06-10T00:00:00.000+0000,120.67,352906,0.7872,104.15,1.0619,0.1044,0.0173,418714
2022-06-13T00:00:00.000+0000,120.93,372403,0.7814,105.08,1.049,0.1023,0.009,418714
2022-06-14T00:00:00.000+0000,118.93,366320,0.7758,105.52,1.0415,0.101,0.0173,418714
2022-06-15T00:00:00.000+0000,115.31,301750,0.7725,105.16,1.0441,0.1001,0.0171,418714
2022-06-16T00:00:00.000+0000,117.59,162543,0.7768,103.63,1.0456,0.1008,0.0175,418714
2022-06-17T00:00:00.000+0000,109.56,103149,0.772,104.7,1.0547,0.1004,0.0174,418328
2022-06-21T00:00:00.000+0000,110.65,427262,0.7703,104.44,1.0521,0.1012,0.0183,418328
2022-06-22T00:00:00.000+0000,106.19,432724,0.7733,104.2,1.0533,0.1016,0.0186,418328
2022-06-23T00:00:00.000+0000,104.27,346362,0.7714,104.43,1.0564,0.1009,0.0182,418328
2022-06-24T00:00:00.000+0000,107.62,321591,0.77,104.19,1.052,0.1003,0.0184,415566
2022-06-27T00:00:00.000+0000,109.57,282914,0.7754,103.94,1.0566,0.1016,0.0187,415566
2022-06-28T00:00:00.000+0000,111.76,306748,0.7771,104.51,1.0581,0.1021,0.0188,415566
2022-06-29T00:00:00.000+0000,109.78,322060,0.7768,105.11,1.0524,0.1019,0.0186,415566
2022-06-30T00:00:00.000+0000,105.76,362890,0.7762,104.69,1.0447,0.1012,0.0191,415566
2022-07-01T00:00:00.000+0000,108.43,305338,0.7768,105.14,1.0478,0.1016,0.0182,423800
2022-07-05T00:00:00.000+0000,99.5,594215,0.7778,106.5,1.0433,0.1019,0.0183,423800
2022-07-06T00:00:00.000+0000,98.53,444106,0.7672,107.1,1.0258,0.0994,0.0158,423800
2022-07-07T00:00:00.000+0000,102.73,379861,0.7672,107.13,1.0186,0.0987,0.0157,423800
2022-07-08T00:00:00.000+0000,104.79,327461,0.7712,107.01,1.017,0.0993,0.0159,427054
2022-07-11T00:00:00.000+0000,104.09,348566,0.7724,108.02,1.0166,0.0996,0.0154,427054
2022-07-12T00:00:00.000+0000,95.84,398552,0.7695,108.07,1.0048,0.0981,0.0164,427054
2022-07-13T00:00:00.000+0000,96.3,347193,0.7674,107.96,1.0033,0.0975,0.0171,427054
2022-07-14T00:00:00.000+0000,95.78,387528,0.7692,108.54,1.0033,0.0978,0.0171,427054
2022-07-15T00:00:00.000+0000,97.59,240766,0.7629,108.06,1.0026,0.0978,0.0172,426609
2022-07-18T00:00:00.000+0000,102.6,84669,0.7687,107.37,1.0096,0.0983,0.009,426609
2022-07-19T00:00:00.000+0000,104.22,63149,0.7703,106.68,1.0145,0.0992,0.0173,426609
2022-07-20T00:00:00.000+0000,102.26,315620,0.7769,107.08,1.0231,0.101,0.0177,426609
2022-07-21T00:00:00.000+0000,96.35,318911,0.7762,106.91,1.0183,0.1003,0.0182,426609
2022-07-22T00:00:00.000+0000,94.7,307568,0.7765,106.73,1.0221,0.1006,0.0173,422086
2022-07-25T00:00:00.000+0000,96.7,278998,0.7737,106.48,1.02,0.1009,0.0172,422086
2022-07-26T00:00:00.000+0000,94.98,310043,0.7782,107.19,1.0225,0.1017,0.0171,422086
2022-07-27T00:00:00.000+0000,97.26,321903,0.7768,106.45,1.013,0.1011,0.0166,422086
2022-07-28T00:00:00.000+0000,96.42,318403,0.7802,106.35,1.0209,0.1028,0.0169,422086
2022-07-29T00:00:00.000+0000,98.62,349374,0.7808,105.9,1.0192,0.1028,0.016,426553
2022-08-01T00:00:00.000+0000,93.89,365293,0.7803,105.45,1.0208,0.1032,0.0161,426553
2022-08-02T00:00:00.000+0000,94.42,328538,0.7786,106.24,1.0261,0.1038,0.0166,426553
2022-08-03T00:00:00.000+0000,90.66,395099,0.7759,106.51,1.0156,0.1022,0.0165,426553
2022-08-04T00:00:00.000+0000,88.54,334931,0.778,105.69,1.0158,0.1029,0.016,426553
2022-08-05T00:00:00.000+0000,89.01,350016,0.777,106.62,1.0248,0.1029,0.0163,432010
2022-08-08T00:00:00.000+0000,90.76,340157,0.7725,106.44,1.0171,0.1017,0.0165,432010
2022-08-09T00:00:00.000+0000,90.5,347045,0.7778,106.37,1.0198,0.1029,0.0162,432010
2022-08-10T00:00:00.000+0000,91.93,383766,0.776,105.2,1.0208,0.1028,0.0165,432010
2022-08-11T00:00:00.000+0000,94.34,341234,0.7828,105.09,1.0301,0.1051,0.0163,432010
2022-08-12T00:00:00.000+0000,92.09,264953,0.7835,105.63,1.0317,0.105,0.0165,424954
2022-08-15T00:00:00.000+0000,89.41,275443,0.7825,106.55,1.0256,0.1043,0.0161,424954
2022-08-16T00:00:00.000+0000,86.53,305366,0.775,106.5,1.0162,0.1031,0.0165,424954
2022-08-17T00:00:00.000+0000,88.11,230346,0.7785,106.57,1.0171,0.1035,0.0163,424954
2022-08-18T00:00:00.000+0000,90.5,80029,0.7741,107.48,1.018,0.103,0.0165,424954
2022-08-19T00:00:00.000+0000,90.77,58714,0.7724,108.17,1.009,0.1028,0.0167,421672
2022-08-22T00:00:00.000+0000,90.23,352665,0.7692,109.05,1.0035,0.1019,0.0168,421672
2022-08-23T00:00:00.000+0000,93.74,285607,0.7664,108.62,0.9939,0.1018,0.0166,421672
2022-08-24T00:00:00.000+0000,94.89,320388,0.7717,108.68,0.9967,0.1031,0.0166,421672
2022-08-25T00:00:00.000+0000,92.52,279877,0.771,108.47,0.9969,0.1031,0.0167,421672
2022-08-26T00:00:00.000+0000,93.06,288392,0.7729,108.8,0.9971,0.1035,0.0166,418346
2022-08-29T00:00:00.000+0000,97.01,283463,0.7656,108.84,0.9939,0.1021,0.0166,418346
2022-08-30T00:00:00.000+0000,91.64,386272,0.7692,108.77,1.0014,0.1027,0.0162,418346
2022-08-31T00:00:00.000+0000,89.55,344147,0.764,108.7,1.0025,0.102,0.0167,418346
2022-09-01T00:00:00.000+0000,86.61,305106,0.761,109.69,1.0039,0.1005,0.0166,418346
2022-09-02T00:00:00.000+0000,86.87,277533,0.7607,109.53,0.9952,0.0996,0.0166,427191
2022-09-06T00:00:00.000+0000,86.88,420255,0.7617,110.21,0.9952,0.1006,0.0164,427191
2022-09-07T00:00:00.000+0000,81.94,380781,0.7602,109.84,0.9898,0.0997,0.0163,427191
2022-09-08T00:00:00.000+0000,83.54,342763,0.7616,109.71,0.9996,0.0999,0.0156,427191
2022-09-09T00:00:00.000+0000,86.79,305188,0.7645,109,1.0012,0.0997,0.0163,429633
2022-09-12T00:00:00.000+0000,87.78,275104,0.7679,108.33,1.0071,0.1014,0.0161,429633
2022-09-13T00:00:00.000+0000,87.31,347998,0.7704,109.82,1.013,0.1017,0.0168,429633
2022-09-14T00:00:00.000+0000,88.48,335381,0.7597,109.66,0.9982,0.0991,0.0171,429633
2022-09-15T00:00:00.000+0000,85.1,235358,0.7598,109.74,0.9984,0.0991,0.0168,429633
2022-09-16T00:00:00.000+0000,85.11,87829,0.7549,109.76,0.9988,0.0982,0.0168,430774
2022-09-19T00:00:00.000+0000,85.73,59626,0.7543,109.74,1.0022,0.0982,0.0168,430774
2022-09-20T00:00:00.000+0000,84.45,279813,0.7551,110.22,1.003,0.098,0.0167,430774
2022-09-21T00:00:00.000+0000,82.94,339683,0.7483,110.64,0.9971,0.0968,0.0166,430774
2022-09-22T00:00:00.000+0000,83.49,303492,0.7419,111.35,0.9831,0.0965,0.0162,430774
2022-09-23T00:00:00.000+0000,78.74,334271,0.7423,113.19,0.9842,0.0962,0.0163,430559
2022-09-26T00:00:00.000+0000,76.71,280927,0.7363,114.1,0.969,0.0944,0.0175,430559
2022-09-27T00:00:00.000+0000,78.5,283614,0.7294,114.11,0.9624,0.0927,0.0171,430559
2022-09-28T00:00:00.000+0000,82.15,324678,0.7287,112.6,0.9596,0.0927,0.017,430559
2022-09-29T00:00:00.000+0000,81.23,286126,0.7338,112.25,0.9708,0.0935,0.0171,430559
2022-09-30T00:00:00.000+0000,79.49,253154,0.7313,112.12,0.983,0.0937,0.0174,429203
2022-10-03T00:00:00.000+0000,83.63,287168,0.7253,111.75,0.9793,0.092,0.0166,429203
2022-10-04T00:00:00.000+0000,86.52,302549,0.7338,110.07,0.9832,0.094,0.0172,429203
2022-10-05T00:00:00.000+0000,87.76,329790,0.7404,111.07,0.9984,0.0958,0.017,429203
2022-10-06T00:00:00.000+0000,88.45,235296,0.7354,112.26,0.9911,0.0954,0.0163,429203
2022-10-07T00:00:00.000+0000,92.64,429162,0.7277,112.8,0.9789,0.0933,0.0165,439082
2022-10-10T00:00:00.000+0000,91.13,289508,0.7282,113.14,0.9735,0.0934,0.0155,439082
2022-10-11T00:00:00.000+0000,89.35,333158,0.726,113.22,0.971,0.0937,0.0161,439082
2022-10-12T00:00:00.000+0000,87.27,332271,0.7251,113.32,0.97,0.093,0.0156,439082
2022-10-13T00:00:00.000+0000,89.11,298032,0.7238,112.36,0.9708,0.0929,0.0157,439082
2022-10-14T00:00:00.000+0000,85.61,237026,0.7267,113.31,0.9751,0.0945,0.0156,437357
2022-10-17T00:00:00.000+0000,85.46,172020,0.7218,112.04,0.9739,0.094,0.016,437357
2022-10-18T00:00:00.000+0000,82.82,97304,0.7292,112.13,0.9846,0.0951,0.0161,437357
2022-10-19T00:00:00.000+0000,85.55,71309,0.7285,112.98,0.9864,0.0949,0.0161,437357
2022-10-20T00:00:00.000+0000,85.98,338344,0.7261,112.88,0.9766,0.0941,0.0164,437357
2022-10-21T00:00:00.000+0000,85.05,272803,0.7258,112.01,0.9779,0.0938,0.0162,439945
2022-10-24T00:00:00.000+0000,84.58,250726,0.7328,111.99,0.986,0.0953,0.0162,439945
2022-10-25T00:00:00.000+0000,85.32,240441,0.7302,110.95,0.9887,0.0953,0.0163,439945
2022-10-26T00:00:00.000+0000,87.91,287182,0.7344,109.7,0.9964,0.0962,0.0161,439945
2022-10-27T00:00:00.000+0000,89.08,292556,0.7379,110.59,1.0092,0.0977,0.0163,439945
2022-10-28T00:00:00.000+0000,87.9,263404,0.7372,110.67,0.9968,0.0974,0.0163,436830
2022-10-31T00:00:00.000+0000,86.53,285342,0.7349,111.53,0.9955,0.0969,0.0163,436830
2022-11-01T00:00:00.000+0000,88.37,274321,0.7347,111.48,0.9886,0.0963,0.0161,436830
2022-11-02T00:00:00.000+0000,90,280961,0.7343,111.35,0.9878,0.0967,0.0162,436830
2022-11-03T00:00:00.000+0000,88.17,239816,0.7291,112.93,0.9814,0.0956,0.0162,436830
2022-11-04T00:00:00.000+0000,92.61,354060,0.7277,110.88,0.975,0.0945,0.016,440755
2022-11-07T00:00:00.000+0000,91.79,322419,0.7401,110.12,0.9929,0.0975,0.0161,440755
2022-11-08T00:00:00.000+0000,88.91,344223,0.7411,109.62,1.0019,0.0978,0.0158,440755
2022-11-09T00:00:00.000+0000,85.83,388301,0.7454,110.55,1.0081,0.0978,0.0164,440755
2022-11-10T00:00:00.000+0000,86.47,340007,0.7393,108.21,1.002,0.0964,0.0162,440755
2022-11-11T00:00:00.000+0000,88.96,301664,0.7501,106.29,1.0192,0.099,0.0165,435355
2022-11-14T00:00:00.000+0000,85.87,315450,0.7545,106.66,1.0329,0.1008,0.0165,435355
2022-11-15T00:00:00.000+0000,86.92,331709,0.7505,106.4,1.0319,0.0996,0.0168,435355
2022-11-16T00:00:00.000+0000,85.59,225668,0.7534,106.28,1.0358,0.1002,0.0163,435355
2022-11-17T00:00:00.000+0000,81.64,138476,0.7499,106.69,1.0395,0.1,0.0165,435355
2022-11-18T00:00:00.000+0000,80.08,96583,0.7507,106.93,1.0362,0.0988,0.0166,431665
2022-11-21T00:00:00.000+0000,79.73,475104,0.7476,107.84,1.0331,0.0985,0.0164,431665
2022-11-22T00:00:00.000+0000,80.95,269615,0.7437,107.22,1.0246,0.0976,0.0165,431665
2022-11-23T00:00:00.000+0000,77.94,379145,0.7484,106.08,1.0311,0.099,0.0165,431665
2022-11-25T00:00:00.000+0000,76.28,266451,0.7498,105.96,1.0408,0.1009,0.0166,419084
2022-11-28T00:00:00.000+0000,77.24,405033,0.7457,106.68,1.0368,0.1009,0.0165,419084
2022-11-29T00:00:00.000+0000,78.2,381869,0.7413,106.82,1.0346,0.0999,0.0162,419084
2022-11-30T00:00:00.000+0000,80.55,287534,0.7362,105.95,1.0324,0.0999,0.0164,419084
2022-12-01T00:00:00.000+0000,81.22,321432,0.7456,104.73,1.0425,0.1018,0.0164,419084
2022-12-02T00:00:00.000+0000,79.98,280235,0.7443,104.55,1.0528,0.1029,0.0163,413898
2022-12-05T00:00:00.000+0000,76.93,346657,0.7438,105.29,1.0544,0.1025,0.0165,413898
2022-12-06T00:00:00.000+0000,74.25,380598,0.7359,105.58,1.0497,0.1006,0.0165,413898
2022-12-07T00:00:00.000+0000,72.01,392236,0.7326,105.1,1.0469,0.0999,0.0165,413898
2022-12-08T00:00:00.000+0000,71.46,474459,0.7327,104.77,1.0513,0.0999,0.0158,413898
2022-12-09T00:00:00.000+0000,71.02,356722,0.7354,104.81,1.056,0.1004,0.0158,424129
2022-12-12T00:00:00.000+0000,73.17,323553,0.7323,105.13,1.0522,0.1003,0.016,424129
2022-12-13T00:00:00.000+0000,75.39,352858,0.7337,103.98,1.0542,0.1002,0.016,424129
2022-12-14T00:00:00.000+0000,77.28,292488,0.7377,103.77,1.0627,0.1023,0.0158,424129
2022-12-15T00:00:00.000+0000,76.11,224663,0.738,104.56,1.0676,0.1029,0.0155,424129
2022-12-16T00:00:00.000+0000,74.29,99205,0.7322,104.7,1.0641,0.1015,0.0155,418234
2022-12-19T00:00:00.000+0000,75.19,69348,0.7305,104.72,1.0585,0.1018,0.0154,418234
2022-12-20T00:00:00.000+0000,76.09,254792,0.733,103.97,1.0615,0.1011,0.0143,418234
2022-12-21T00:00:00.000+0000,78.29,234624,0.7353,104.16,1.0627,0.1012,0.0144,418234
2022-12-22T00:00:00.000+0000,77.49,219142,0.7346,104.43,1.061,0.1017,0.0137,418234
2022-12-23T00:00:00.000+0000,79.56,237711,0.7333,104.31,1.0603,0.1014,0.0147,418952
2022-12-27T00:00:00.000+0000,79.53,199601,0.7376,104.18,1.064,0.1019,0.0146,418952
2022-12-28T00:00:00.000+0000,78.96,207717,0.7394,104.46,1.0637,0.1018,0.0143,418952
2022-12-29T00:00:00.000+0000,78.4,199858,0.7353,103.84,1.0629,0.1013,0.0138,418952
2022-12-30T00:00:00.000+0000,80.26,205909,0.7379,103.52,1.0661,0.1012,0.0135,420646
2023-01-03T00:00:00.000+0000,76.93,338520,0.7375,104.52,1.0678,0.1016,0.0141,420646
2023-01-04T00:00:00.000+0000,72.84,352434,0.7313,104.25,1.0547,0.0991,0.0137,420646
2023-01-05T00:00:00.000+0000,73.67,300731,0.7416,105.04,1.0606,0.0992,0.0138,420646
2023-01-06T00:00:00.000+0000,73.77,258128,0.7375,103.88,1.0522,0.0976,0.0139,439607
2023-01-09T00:00:00.000+0000,74.63,329290,0.7443,103,1.0656,0.1001,0.0138,439607
2023-01-10T00:00:00.000+0000,75.12,307430,0.7466,103.24,1.0733,0.1013,0.0143,439607
2023-01-11T00:00:00.000+0000,77.41,350891,0.7444,103.19,1.0739,0.1002,0.0144,439607
2023-01-12T00:00:00.000+0000,78.39,307705,0.7446,102.25,1.0766,0.1001,0.0145,439607
2023-01-13T00:00:00.000+0000,79.86,283539,0.7476,102.2,1.086,0.1012,0.0148,448015
2023-01-17T00:00:00.000+0000,80.18,312275,0.7464,102.39,1.083,0.1014,0.0146,448015
2023-01-18T00:00:00.000+0000,79.48,92549,0.7468,102.36,1.0793,0.1012,0.0146,448015
2023-01-19T00:00:00.000+0000,80.33,58863,0.741,102.06,1.0798,0.1009,0.0146,448015
2023-01-20T00:00:00.000+0000,81.31,300145,0.7427,102.01,1.0834,0.101,0.0144,448548
2023-01-23T00:00:00.000+0000,81.62,297076,0.7479,102.14,1.0865,0.1016,0.0147,448548
2023-01-24T00:00:00.000+0000,80.13,288207,0.7479,101.92,1.0874,0.1019,0.0145,448548
2023-01-25T00:00:00.000+0000,80.15,297234,0.7477,101.64,1.0888,0.1014,0.0144,448548
2023-01-26T00:00:00.000+0000,81.01,291060,0.7474,101.84,1.0922,0.1011,0.0145,448548
2023-01-27T00:00:00.000+0000,79.68,367588,0.751,101.93,1.0894,0.1015,0.0144,452688
2023-01-30T00:00:00.000+0000,77.9,327426,0.7517,102.28,1.0871,0.1011,0.0141,452688
2023-01-31T00:00:00.000+0000,78.87,312734,0.7472,102.1,1.0851,0.1002,0.0143,452688
2023-02-01T00:00:00.000+0000,76.41,360859,0.7515,101.22,1.0861,0.1002,0.0142,452688
2023-02-02T00:00:00.000+0000,75.88,339755,0.7533,101.75,1.1013,0.1012,0.0143,452688
2023-02-03T00:00:00.000+0000,73.39,413414,0.7509,102.92,1.0905,0.0996,0.0133,455111
2023-02-06T00:00:00.000+0000,74.11,380028,0.7463,103.62,1.0791,0.0978,0.0142,455111
2023-02-07T00:00:00.000+0000,77.14,408279,0.744,103.43,1.0731,0.0967,0.014,455111
2023-02-08T00:00:00.000+0000,78.47,353468,0.7468,103.41,1.073,0.097,0.0139,455111
2023-02-09T00:00:00.000+0000,78.06,324156,0.7438,103.22,1.0716,0.097,0.0137,455111
2023-02-10T00:00:00.000+0000,79.72,356062,0.7436,103.63,1.0742,0.0983,0.0137,471394
2023-02-13T00:00:00.000+0000,80.14,301299,0.7486,103.35,1.0678,0.0987,0.0137,471394
2023-02-14T00:00:00.000+0000,79.06,299938,0.75,103.23,1.073,0.0991,0.0135,471394
2023-02-15T00:00:00.000+0000,78.59,264486,0.7496,103.92,1.0736,0.0987,0.0136,471394
2023-02-16T00:00:00.000+0000,78.49,117600,0.7468,103.86,1.0692,0.098,0.0135,471394
2023-02-17T00:00:00.000+0000,76.34,93267,0.7422,103.86,1.0666,0.0975,0.0134,479041
2023-02-21T00:00:00.000+0000,76.16,402351,0.7433,104.18,1.0683,0.0977,0.0133,479041
2023-02-22T00:00:00.000+0000,73.95,332018,0.7388,104.59,1.0652,0.0971,0.0134,479041
2023-02-23T00:00:00.000+0000,75.39,333838,0.7383,104.6,1.0606,0.0966,0.0134,479041
2023-02-24T00:00:00.000+0000,76.32,329254,0.7384,105.21,1.0598,0.0971,0.0133,480207
2023-02-27T00:00:00.000+0000,75.68,266091,0.7356,104.67,1.0555,0.0966,0.0132,480207
2023-02-28T00:00:00.000+0000,77.05,300093,0.7367,104.87,1.0611,0.0968,0.0134,480207
2023-03-01T00:00:00.000+0000,77.69,342121,0.7329,104.48,1.0577,0.0963,0.0133,480207
2023-03-02T00:00:00.000+0000,78.16,260331,0.7359,105.03,1.0669,0.0964,0.0133,480207
2023-03-03T00:00:00.000+0000,79.68,374201,0.7356,104.52,1.06,0.0958,0.0132,478513
2023-03-06T00:00:00.000+0000,80.46,292351,0.7351,104.35,1.0626,0.0963,0.0133,478513
2023-03-07T00:00:00.000+0000,77.58,398241,0.7344,105.62,1.0688,0.096,0.0133,478513
2023-03-08T00:00:00.000+0000,76.66,335930,0.7274,105.66,1.0551,0.0936,0.0132,478513
2023-03-09T00:00:00.000+0000,75.72,349960,0.7247,105.31,1.055,0.0937,0.0132,478513
2023-03-10T00:00:00.000+0000,76.68,371834,0.723,104.58,1.0585,0.0938,0.0132,480063
2023-03-13T00:00:00.000+0000,74.8,457423,0.7265,103.6,1.0684,0.0941,0.0131,480063
2023-03-14T00:00:00.000+0000,71.33,432858,0.7281,103.6,1.0725,0.0947,0.0132,480063
2023-03-15T00:00:00.000+0000,67.61,555164,0.7305,104.65,1.0728,0.0948,0.0132,480063
2023-03-16T00:00:00.000+0000,68.35,327120,0.7265,104.42,1.0583,0.093,0.2,480063
2023-03-17T00:00:00.000+0000,66.74,152255,0.7289,103.71,1.0614,0.0931,0.0131,481180
2023-03-20T00:00:00.000+0000,67.64,76873,0.7294,103.28,1.0679,0.0938,0.013,481180
2023-03-21T00:00:00.000+0000,69.33,409495,0.7315,103.26,1.0719,0.0939,0.0129,481180
2023-03-22T00:00:00.000+0000,70.9,337639,0.7295,102.35,1.0774,0.0949,0.013,481180
2023-03-23T00:00:00.000+0000,69.96,335241,0.729,102.53,1.087,0.0958,0.013,481180
2023-03-24T00:00:00.000+0000,69.26,380852,0.729,103.12,1.0835,0.0962,0.0132,473691
2023-03-27T00:00:00.000+0000,72.81,353598,0.7285,102.86,1.0778,0.0956,0.0129,473691
2023-03-28T00:00:00.000+0000,73.2,328472,0.7324,102.43,1.0807,0.0956,0.0131,473691
2023-03-29T00:00:00.000+0000,72.97,312669,0.7357,102.64,1.084,0.0966,0.0131,473691
2023-03-30T00:00:00.000+0000,74.37,269743,0.7373,102.14,1.0844,0.096,0.0129,473691
2023-03-31T00:00:00.000+0000,75.67,304361,0.7395,102.51,1.0905,0.0962,0.0129,469952
2023-04-03T00:00:00.000+0000,80.42,547126,0.7406,102.09,1.0803,0.0957,0.0128,469952
2023-04-04T00:00:00.000+0000,80.71,343570,0.7444,101.59,1.0912,0.0973,0.0127,469952
2023-04-05T00:00:00.000+0000,80.61,254974,0.7442,101.85,1.096,0.0971,0.0126,469952
2023-04-06T00:00:00.000+0000,80.7,0,0.7433,101.82,1.0903,0.0957,0.0125,469952
2023-04-10T00:00:00.000+0000,79.74,264906,0.7405,102.58,1.0914,0.0953,0.0123,470549
2023-04-11T00:00:00.000+0000,81.53,309683,0.7406,102.2,1.0869,0.0951,0.0123,470549
2023-04-12T00:00:00.000+0000,83.26,356133,0.7428,101.5,1.0918,0.0947,0.0123,470549
2023-04-13T00:00:00.000+0000,82.16,261230,0.744,101.01,1.1,0.0958,0.0122,470549
2023-04-14T00:00:00.000+0000,82.52,275129,0.7496,101.55,1.1055,0.0971,0.0122,465968
2023-04-17T00:00:00.000+0000,80.83,217048,0.7482,102.1,1.0987,0.0963,0.0123,465968
2023-04-18T00:00:00.000+0000,80.86,96290,0.7467,101.75,1.0925,0.0954,0.0122,465968
2023-04-19T00:00:00.000+0000,79.16,78310,0.7468,101.97,1.0975,0.0956,0.0122,465968
2023-04-20T00:00:00.000+0000,77.29,361413,0.7425,101.84,1.0952,0.0945,0.0122,465968
2023-04-21T00:00:00.000+0000,77.87,291114,0.7418,101.82,1.0971,0.0945,0.0122,460914
2023-04-24T00:00:00.000+0000,78.76,306720,0.7386,101.35,1.0992,0.0945,0.0123,460914
2023-04-25T00:00:00.000+0000,77.07,361646,0.7389,101.86,1.1059,0.095,0.0123,460914
2023-04-26T00:00:00.000+0000,74.3,497778,0.7343,101.47,1.0978,0.0938,0.0124,460914
2023-04-27T00:00:00.000+0000,74.76,345880,0.7336,101.5,1.1047,0.0941,0.0122,460914
2023-04-28T00:00:00.000+0000,76.78,328399,0.7353,101.67,1.1032,0.0943,0.0122,459633
2023-05-01T00:00:00.000+0000,75.66,215017,0.7375,102.15,1.1011,0.0937,0.0124,459633
2023-05-02T00:00:00.000+0000,71.66,417820,0.7379,101.96,1.0969,0.0931,0.0124,459633
2023-05-03T00:00:00.000+0000,68.6,490523,0.7342,101.34,1.1011,0.0926,0.0125,459633
2023-05-04T00:00:00.000+0000,68.56,412495,0.7336,101.4,1.1069,0.0929,0.0126,459633
2023-05-05T00:00:00.000+0000,71.34,330585,0.7395,101.21,1.1023,0.0937,0.0127,462584
2023-05-08T00:00:00.000+0000,73.16,290076,0.7474,101.37,1.1019,0.0946,0.0129,462584
2023-05-09T00:00:00.000+0000,73.71,317493,0.7478,101.61,1.0996,0.0952,0.0129,462584
2023-05-10T00:00:00.000+0000,72.56,351506,0.7477,101.48,1.0965,0.0946,0.0128,462584
2023-05-11T00:00:00.000+0000,70.87,365892,0.7478,102.06,1.0984,0.0952,0.0129,462584
2023-05-12T00:00:00.000+0000,70.04,275435,0.7411,102.68,1.0912,0.0937,0.013,467624
2023-05-15T00:00:00.000+0000,71.11,259013,0.7378,102.43,1.0853,0.0937,0.0129,467624
2023-05-16T00:00:00.000+0000,70.86,232328,0.7427,102.56,1.0874,0.0944,0.0125,467624
2023-05-17T00:00:00.000+0000,72.83,273708,0.742,102.88,1.0866,0.0933,0.0124,467624
2023-05-18T00:00:00.000+0000,71.86,80864,0.7426,103.58,1.0838,0.0928,0.0125,467624
2023-05-19T00:00:00.000+0000,71.55,69949,0.7409,103.2,1.0775,0.0916,0.0124,455168
2023-05-22T00:00:00.000+0000,71.99,263977,0.7414,103.2,1.0823,0.092,0.0125,455168
2023-05-23T00:00:00.000+0000,72.91,317586,0.7406,103.49,1.0811,0.0917,0.0124,455168
2023-05-24T00:00:00.000+0000,74.34,386611,0.7408,103.89,1.077,0.0913,0.0125,455168
2023-05-25T00:00:00.000+0000,71.83,422637,0.7359,104.21,1.0757,0.0913,0.0125,455168
2023-05-26T00:00:00.000+0000,72.67,261498,0.733,104.21,1.0724,0.0905,0.0125,459657
2023-05-30T00:00:00.000+0000,69.46,440862,0.7352,104.17,1.0708,0.09,0.0125,459657
2023-05-31T00:00:00.000+0000,68.09,444787,0.7353,104.32,1.0733,0.0894,0.0126,459657
2023-06-01T00:00:00.000+0000,70.1,395393,0.7371,103.56,1.0695,0.0904,0.0123,459657
2023-06-02T00:00:00.000+0000,71.74,322596,0.7439,104.02,1.0761,0.0905,0.0124,459205
2023-06-05T00:00:00.000+0000,72.15,383943,0.7447,104,1.0699,0.0909,0.0124,459205
2023-06-06T00:00:00.000+0000,71.74,314962,0.7436,104.13,1.0712,0.0906,0.0124,459205
2023-06-07T00:00:00.000+0000,72.53,299127,0.7463,104.1,1.0698,0.0902,0.0123,459205
2023-06-08T00:00:00.000+0000,71.29,485396,0.7479,103.34,1.0707,0.0906,0.0123,459205
2023-06-09T00:00:00.000+0000,70.17,300724,0.7484,103.56,1.0783,0.0917,0.0122,467124
2023-06-12T00:00:00.000+0000,67.12,404769,0.7498,103.63,1.0751,0.093,0.0121,467124
2023-06-13T00:00:00.000+0000,69.42,366354,0.7483,103.34,1.0763,0.0927,0.0119,467124
2023-06-14T00:00:00.000+0000,68.27,304449,0.751,103.01,1.0789,0.094,0.0119,467124
2023-06-15T00:00:00.000+0000,70.62,115613,0.7504,102.12,1.0843,0.094,0.0119,467124
2023-06-16T00:00:00.000+0000,71.78,99185,0.7563,102.3,1.0946,0.0953,0.012,463293
2023-06-20T00:00:00.000+0000,70.5,430492,0.757,102.54,1.0924,0.0936,0.0119,463293
2023-06-21T00:00:00.000+0000,72.53,264656,0.7561,102.07,1.092,0.0933,0.0118,463293
2023-06-22T00:00:00.000+0000,69.51,421348,0.7598,102.39,1.0993,0.094,0.012,463293
2023-06-23T00:00:00.000+0000,69.16,322475,0.7607,102.9,1.0959,0.0939,0.0124,453690
2023-06-26T00:00:00.000+0000,69.37,280116,0.7596,102.69,1.0907,0.0925,0.012,453690
2023-06-27T00:00:00.000+0000,67.7,384752,0.7605,102.49,1.091,0.0932,0.0119,453690
2023-06-28T00:00:00.000+0000,69.56,368295,0.7577,102.91,1.0957,0.0927,0.0117,453690
2023-06-29T00:00:00.000+0000,69.86,292865,0.7546,103.34,1.0916,0.0929,0.0116,453690
2023-06-30T00:00:00.000+0000,70.64,299873,0.7547,102.91,1.0868,0.0926,0.0115,452182
2023-07-03T00:00:00.000+0000,69.79,303479,0.7547,102.99,1.0908,0.0931,0.0114,452182
2023-07-05T00:00:00.000+0000,71.79,456809,0.7562,103.37,1.0885,0.094,0.0111,452182
2023-07-06T00:00:00.000+0000,71.8,395381,0.7527,103.17,1.0857,0.0936,0.011,452182
2023-07-07T00:00:00.000+0000,73.86,362632,0.7482,102.27,1.0891,0.093,0.011,458128
2023-07-10T00:00:00.000+0000,72.99,301014,0.7531,101.97,1.097,0.0941,0.011,458128
2023-07-11T00:00:00.000+0000,74.83,326883,0.7534,101.73,1.1006,0.0955,0.011,458128
2023-07-12T00:00:00.000+0000,75.75,352887,0.756,100.52,1.1014,0.0967,0.0111,458128
2023-07-13T00:00:00.000+0000,76.89,379728,0.7586,99.77,1.1145,0.0989,0.0111,458128
2023-07-14T00:00:00.000+0000,75.42,299576,0.7626,99.91,1.1223,0.1006,0.0111,457420
2023-07-17T00:00:00.000+0000,74.15,244785,0.7561,99.84,1.1228,0.0995,0.0111,457420
2023-07-18T00:00:00.000+0000,75.75,125092,0.7575,99.94,1.1238,0.0994,0.011,457420
2023-07-19T00:00:00.000+0000,75.35,92920,0.7595,100.28,1.1229,0.0995,0.011,457420
2023-07-20T00:00:00.000+0000,75.63,340962,0.7597,100.88,1.1205,0.0996,0.0109,457420
2023-07-21T00:00:00.000+0000,77.07,308106,0.7591,101.07,1.1137,0.0993,0.0111,456820
2023-07-24T00:00:00.000+0000,78.74,368285,0.7562,101.35,1.1125,0.0991,0.0111,456820
2023-07-25T00:00:00.000+0000,79.63,349600,0.759,101.35,1.1063,0.0995,0.0111,456820
2023-07-26T00:00:00.000+0000,78.78,322031,0.7583,100.89,1.105,0.0994,0.0111,456820
2023-07-27T00:00:00.000+0000,80.09,374358,0.7573,101.77,1.1078,0.0988,0.0111,456820
2023-07-28T00:00:00.000+0000,80.58,299547,0.756,101.62,1.0979,0.0983,0.011,439771
2023-07-31T00:00:00.000+0000,81.8,297270,0.7547,101.86,1.1024,0.0981,0.0109,439771
2023-08-01T00:00:00.000+0000,81.37,307859,0.758,102.3,1.0998,0.0989,0.0109,439771
2023-08-02T00:00:00.000+0000,79.49,414825,0.7537,102.59,1.1008,0.0985,0.0108,439771
2023-08-03T00:00:00.000+0000,81.55,402641,0.7494,102.54,1.0944,0.0972,0.0106,439771
2023-08-04T00:00:00.000+0000,82.82,320873,0.749,102.02,1.0952,0.0978,0.0105,445622
2023-08-07T00:00:00.000+0000,81.94,293036,0.7478,102.05,1.1003,0.0987,0.0104,445622
2023-08-08T00:00:00.000+0000,82.92,424545,0.7479,102.53,1.1003,0.0986,0.0104,445622
2023-08-09T00:00:00.000+0000,84.4,478140,0.7449,102.49,1.0959,0.0974,0.0103,445622
2023-08-10T00:00:00.000+0000,82.82,362188,0.7452,102.52,1.0978,0.0981,0.0103,445622
2023-08-11T00:00:00.000+0000,83.19,331254,0.7438,102.84,1.0982,0.097,0.0103,439662
2023-08-14T00:00:00.000+0000,82.51,277352,0.7441,103.19,1.0944,0.0959,0.01,439662
2023-08-15T00:00:00.000+0000,80.99,303207,0.743,103.21,1.091,0.0955,0.0103,439662
2023-08-16T00:00:00.000+0000,79.38,325403,0.7413,103.42,1.0904,0.095,0.0102,439662
2023-08-17T00:00:00.000+0000,80.39,235581,0.7387,103.44,1.0875,0.0942,0.0106,439662
2023-08-18T00:00:00.000+0000,81.25,128090,0.7383,103.38,1.0875,0.0945,0.0106,433528
2023-08-21T00:00:00.000+0000,80.72,115874,0.7385,103.33,1.0876,0.094,0.0105,433528
2023-08-22T00:00:00.000+0000,80.35,287489,0.7384,103.56,1.0898,0.0942,0.0107,433528
2023-08-23T00:00:00.000+0000,78.89,378146,0.738,103.36,1.0847,0.0941,0.0106,433528
2023-08-24T00:00:00.000+0000,79.05,349230,0.7394,103.98,1.0866,0.0944,0.0105,433528
2023-08-25T00:00:00.000+0000,79.83,411409,0.736,104.08,1.0799,0.0932,0.0106,422944
2023-08-28T00:00:00.000+0000,80.1,246584,0.7356,104.06,1.0797,0.0936,0.0105,422944
2023-08-29T00:00:00.000+0000,81.16,284168,0.7352,103.55,1.0826,0.0934,0.0106,422944
2023-08-30T00:00:00.000+0000,81.63,299418,0.7375,103.16,1.0869,0.0945,0.0105,422944
2023-08-31T00:00:00.000+0000,83.63,368848,0.7388,103.62,1.0933,0.0944,0.0104,422944
2023-09-01T00:00:00.000+0000,85.55,420461,0.7402,104.24,1.0844,0.0941,0.0104,416637
2023-09-05T00:00:00.000+0000,86.69,452908,0.7354,104.81,1.0794,0.094,0.0104,416637
2023-09-06T00:00:00.000+0000,87.54,307115,0.7332,104.86,1.0726,0.0933,0.0103,416637
2023-09-07T00:00:00.000+0000,86.87,270736,0.7332,105.06,1.0724,0.0934,0.0102,416637
2023-09-08T00:00:00.000+0000,87.51,294437,0.7308,105.09,1.0698,0.0934,0.0102,420592
2023-09-11T00:00:00.000+0000,87.29,292388,0.7338,104.57,1.0718,0.0939,0.0102,420592
2023-09-12T00:00:00.000+0000,88.84,341137,0.7364,104.71,1.075,0.094,0.0105,420592
2023-09-13T00:00:00.000+0000,88.52,345972,0.738,104.77,1.0753,0.0937,0.0105,420592
2023-09-14T00:00:00.000+0000,90.16,325270,0.7379,105.41,1.0734,0.0934,0.0104,420592
2023-09-15T00:00:00.000+0000,90.77,315003,0.7399,105.32,1.0637,0.0931,0.0105,418456
2023-09-18T00:00:00.000+0000,91.48,119258,0.7395,105.2,1.0668,0.0929,0.0103,418456
2023-09-19T00:00:00.000+0000,91.2,94597,0.7415,105.2,1.0693,0.0925,0.0104,418456
2023-09-20T00:00:00.000+0000,90.28,457854,0.7439,105.16,1.0682,0.0929,0.0103,418456
2023-09-21T00:00:00.000+0000,89.63,351032,0.742,105.36,1.0653,0.0927,0.0104,418456
2023-09-22T00:00:00.000+0000,90.03,402087,0.742,105.58,1.0662,0.0929,0.0104,416287
2023-09-25T00:00:00.000+0000,89.68,328369,0.742,106,1.0648,0.093,0.0104,416287
2023-09-26T00:00:00.000+0000,90.39,318016,0.7435,106.23,1.0592,0.0925,0.0105,416287
2023-09-27T00:00:00.000+0000,93.68,504630,0.7397,106.67,1.0569,0.0924,0.0104,416287
2023-09-28T00:00:00.000+0000,91.71,406709,0.7407,106.22,1.0505,0.093,0.0104,416287
2023-09-29T00:00:00.000+0000,90.79,355782,0.7412,106.17,1.0562,0.0932,0.0104,414063
2023-10-02T00:00:00.000+0000,88.82,334493,0.7367,106.9,1.0565,0.0936,0.0102,414063
2023-10-03T00:00:00.000+0000,89.23,350659,0.7312,107,1.0481,0.0921,0.0101,414063
2023-10-04T00:00:00.000+0000,84.22,459995,0.7294,106.8,1.0472,0.0913,0.0099,414063
2023-10-05T00:00:00.000+0000,82.31,465997,0.7276,106.33,1.0507,0.0909,0.0101,414063
2023-10-06T00:00:00.000+0000,82.79,461139,0.7296,106.04,1.0547,0.0913,0.01,424239
2023-10-09T00:00:00.000+0000,86.38,435037,0.732,106.08,1.0567,0.0919,0.0099,424239
2023-10-10T00:00:00.000+0000,85.97,337654,0.7363,105.83,1.0579,0.0928,0.0101,424239
2023-10-11T00:00:00.000+0000,83.49,425395,0.7362,105.82,1.0605,0.0926,0.01,424239
2023-10-12T00:00:00.000+0000,82.91,373492,0.7356,106.57,1.0624,0.0922,0.0102,424239
2023-10-13T00:00:00.000+0000,87.69,356863,0.7308,106.65,1.0537,0.0912,0.0102,419748
2023-10-16T00:00:00.000+0000,86.66,235780,0.7329,106.24,1.0522,0.0916,0.0102,419748
2023-10-17T00:00:00.000+0000,86.66,197124,0.7345,106.25,1.0554,0.0915,0.0103,419748
2023-10-18T00:00:00.000+0000,88.32,92797,0.7324,106.57,1.0573,0.0913,0.0102,419748
2023-10-19T00:00:00.000+0000,89.37,72058,0.7292,106.25,1.0539,0.0904,0.0102,419748
2023-10-20T00:00:00.000+0000,88.75,311917,0.7291,106.16,1.0586,0.091,0.0104,421120
2023-10-23T00:00:00.000+0000,85.49,315517,0.7298,105.54,1.059,0.0904,0.0105,421120
2023-10-24T00:00:00.000+0000,83.74,370591,0.7305,106.27,1.067,0.0903,0.0106,421120
2023-10-25T00:00:00.000+0000,85.39,429459,0.7277,106.53,1.0595,0.0896,0.0107,421120
2023-10-26T00:00:00.000+0000,83.21,341792,0.7245,106.6,1.0567,0.0893,0.0106,421120
2023-10-27T00:00:00.000+0000,85.54,333760,0.7239,106.56,1.0564,0.0894,0.0107,421893
2023-10-30T00:00:00.000+0000,82.31,356928,0.7213,106.12,1.0562,0.0895,0.0106,421893
2023-10-31T00:00:00.000+0000,81.02,346007,0.7231,106.66,1.0615,0.0898,0.0108,421893
2023-11-01T00:00:00.000+0000,80.44,321592,0.7206,106.88,1.0579,0.0896,0.0107,421893
2023-11-02T00:00:00.000+0000,82.46,307122,0.7228,106.12,1.0587,0.0898,0.0108,421893
2023-11-03T00:00:00.000+0000,80.51,457281,0.7274,105.02,1.0619,0.0897,0.0107,435762
2023-11-06T00:00:00.000+0000,80.82,271131,0.732,105.22,1.0732,0.0907,0.0109,435762
2023-11-07T00:00:00.000+0000,77.37,396289,0.7301,105.54,1.0722,0.0905,0.0108,435762
2023-11-08T00:00:00.000+0000,75.33,429647,0.7263,105.59,1.0696,0.0894,0.0109,435762
2023-11-09T00:00:00.000+0000,75.74,303430,0.725,105.91,1.071,0.0895,0.0109,435762
2023-11-10T00:00:00.000+0000,77.17,266998,0.7243,105.86,1.0668,0.0892,0.0109,439354
2023-11-13T00:00:00.000+0000,78.26,262903,0.7247,105.66,1.069,0.0901,0.0108,439354
2023-11-14T00:00:00.000+0000,78.26,263002,0.7246,104.11,1.0702,0.0903,0.0109,439354
2023-11-15T00:00:00.000+0000,76.66,282301,0.73,104.39,1.0878,0.092,0.011,439354
2023-11-16T00:00:00.000+0000,72.9,125165,0.7308,104.37,1.0855,0.0926,0.0112,439354
2023-11-17T00:00:00.000+0000,75.89,101484,0.7272,103.82,1.0854,0.0915,0.0112,448054
2023-11-20T00:00:00.000+0000,77.6,270638,0.7289,103.47,1.0907,0.0925,0.0112,448054
2023-11-21T00:00:00.000+0000,77.77,238629,0.7286,103.57,1.0946,0.0935,0.0113,448054
2023-11-22T00:00:00.000+0000,77.1,389325,0.7299,103.92,1.0918,0.0938,0.0113,448054
2023-11-24T00:00:00.000+0000,75.54,281147,0.7302,103.4,1.0906,0.0928,0.0113,449664
2023-11-27T00:00:00.000+0000,74.86,289562,0.7336,103.2,1.094,0.0934,0.0112,449664
2023-11-28T00:00:00.000+0000,76.41,286618,0.7349,102.75,1.0958,0.0941,0.0112,449664
2023-11-29T00:00:00.000+0000,77.86,322170,0.7373,102.77,1.1006,0.0943,0.0113,449664
2023-11-30T00:00:00.000+0000,75.96,559169,0.7358,103.5,1.0974,0.0939,0.0113,449664
2023-12-01T00:00:00.000+0000,74.07,358976,0.7377,103.27,1.0892,0.0925,0.0111,445031
2023-12-04T00:00:00.000+0000,73.04,388832,0.7414,103.64,1.0888,0.0937,0.011,445031
2023-12-05T00:00:00.000+0000,72.32,358703,0.7386,104.05,1.0838,0.0923,0.0109,445031
2023-12-06T00:00:00.000+0000,69.38,436803,0.7358,104.15,1.0794,0.0915,0.0111,445031
2023-12-07T00:00:00.000+0000,69.34,339000,0.7357,103.54,1.0767,0.0911,0.0108,445031
2023-12-08T00:00:00.000+0000,71.23,302250,0.7354,104.01,1.0792,0.092,0.0108,440773
2023-12-11T00:00:00.000+0000,71.32,274414,0.7363,104.1,1.0766,0.0918,0.0109,440773
2023-12-12T00:00:00.000+0000,68.61,324530,0.7365,103.87,1.0767,0.0913,0.011,440773
2023-12-13T00:00:00.000+0000,69.47,306996,0.7361,102.87,1.0799,0.0913,0.0111,440773
2023-12-14T00:00:00.000+0000,71.58,275688,0.7403,101.96,1.0886,0.0928,0.0112,440773
2023-12-15T00:00:00.000+0000,71.43,95513,0.7459,102.55,1.0994,0.0952,0.0112,443682
2023-12-18T00:00:00.000+0000,72.47,73941,0.7473,102.51,1.0895,0.0956,0.011,443682
2023-12-19T00:00:00.000+0000,73.44,230042,0.7464,102.17,1.0924,0.0962,0.0111,443682
2023-12-20T00:00:00.000+0000,74.22,273364,0.75,102.41,1.0981,0.0975,0.0111,443682
2023-12-21T00:00:00.000+0000,73.89,251982,0.7486,101.84,1.0946,0.0967,0.0111,443682
2023-12-22T00:00:00.000+0000,73.56,222600,0.7528,101.7,1.1006,0.0974,0.0108,436568
2023-12-26T00:00:00.000+0000,75.57,208715,0.7547,101.47,1.102,0.0983,0.0109,436568
2023-12-27T00:00:00.000+0000,74.11,253323,0.7579,100.99,1.1043,0.0987,0.0109,436568
2023-12-28T00:00:00.000+0000,71.77,262748,0.7575,101.23,1.1109,0.099,0.0109,436568
2023-12-29T00:00:00.000+0000,71.65,214486,0.7559,101.33,1.1068,0.0982,0.0113,431065
2024-01-02T00:00:00.000+0000,70.38,330992,0.7552,102.2,1.1039,0.0986,0.0112,431065
2024-01-03T00:00:00.000+0000,72.7,334861,0.7506,102.46,1.0942,0.0967,0.0111,431065
2024-01-04T00:00:00.000+0000,72.19,344467,0.7492,102.42,1.0928,0.0968,0.0109,431065
2024-01-05T00:00:00.000+0000,73.81,325525,0.7488,102.41,1.0947,0.0972,0.011,432403
2024-01-08T00:00:00.000+0000,70.77,392249,0.7485,102.21,1.0942,0.0971,0.011,432403
2024-01-09T00:00:00.000+0000,72.24,363445,0.7491,102.57,1.0952,0.0965,0.011,432403
2024-01-10T00:00:00.000+0000,71.37,352772,0.7469,102.36,1.0932,0.0965,0.011,432403
2024-01-11T00:00:00.000+0000,72.02,373645,0.7475,102.29,1.0975,0.0967,0.011,432403
2024-01-12T00:00:00.000+0000,72.68,403636,0.7474,102.4,1.0982,0.0972,0.0111,429911
2024-01-16T00:00:00.000+0000,72.4,430437,0.7443,103.36,1.0946,0.0966,0.0111,429911
2024-01-17T00:00:00.000+0000,72.56,315679,0.7413,103.45,1.0879,0.0956,0.0114,429911
2024-01-18T00:00:00.000+0000,74.08,86646,0.7406,103.54,1.0886,0.0952,0.0113,429911
2024-01-19T00:00:00.000+0000,73.41,78234,0.7415,103.29,1.0879,0.095,0.0113,420678
2024-01-22T00:00:00.000+0000,75.19,372284,0.7445,103.33,1.0892,0.0954,0.0112,420678
2024-01-23T00:00:00.000+0000,74.37,306060,0.742,103.62,1.088,0.0951,0.0114,420678
2024-01-24T00:00:00.000+0000,75.09,323726,0.7432,103.24,1.0858,0.0953,0.0114,420678
2024-01-25T00:00:00.000+0000,77.36,320177,0.7393,103.57,1.0882,0.0956,0.0113,420678
2024-01-26T00:00:00.000+0000,78.01,365456,0.742,103.47,1.0847,0.0958,0.0114,421912
2024-01-29T00:00:00.000+0000,76.78,331925,0.7433,103.61,1.0844,0.0959,0.0114,421912
2024-01-30T00:00:00.000+0000,77.82,347242,0.7456,103.4,1.0834,0.096,0.0112,421912
2024-01-31T00:00:00.000+0000,75.85,344493,0.7462,103.27,1.0843,0.0958,0.0111,421912
2024-02-01T00:00:00.000+0000,73.82,577936,0.7443,103.05,1.0804,0.0951,0.0111,421912
2024-02-02T00:00:00.000+0000,72.28,467768,0.7472,103.92,1.0875,0.0959,0.0111,427432
2024-02-05T00:00:00.000+0000,72.78,350843,0.7424,104.45,1.078,0.0942,0.011,427432
2024-02-06T00:00:00.000+0000,73.31,310955,0.7384,104.18,1.0742,0.0936,0.011,427432
2024-02-07T00:00:00.000+0000,73.86,294955,0.7413,104.04,1.0757,0.0944,0.011,427432
2024-02-08T00:00:00.000+0000,76.22,377906,0.7427,104.15,1.0776,0.0945,0.011,427432
2024-02-09T00:00:00.000+0000,76.84,302612,0.7429,104.08,1.0777,0.0942,0.011,439450
2024-02-12T00:00:00.000+0000,76.92,248476,0.7431,104.17,1.0798,0.0949,0.0109,439450
2024-02-13T00:00:00.000+0000,77.87,338174,0.7432,104.96,1.0772,0.0953,0.0109,439450
2024-02-14T00:00:00.000+0000,76.64,296131,0.7371,104.72,1.0709,0.0937,0.0109,439450
2024-02-15T00:00:00.000+0000,78.03,122432,0.7386,104.3,1.0732,0.0945,0.0109,439450
2024-02-16T00:00:00.000+0000,79.19,113713,0.7426,104.3,1.0774,0.095,0.0108,442964
2024-02-20T00:00:00.000+0000,78.18,435235,0.7409,104.08,1.0775,0.0953,0.0108,442964
2024-02-21T00:00:00.000+0000,77.91,323243,0.7395,104.01,1.0813,0.0954,0.0109,442964
2024-02-22T00:00:00.000+0000,78.61,330511,0.7409,103.96,1.082,0.0955,0.0109,442964
2024-02-23T00:00:00.000+0000,76.49,353437,0.7418,103.94,1.0826,0.0953,0.0107,447163
2024-02-26T00:00:00.000+0000,77.58,274710,0.7403,103.83,1.082,0.095,0.0107,447163
2024-02-27T00:00:00.000+0000,78.87,269236,0.7407,103.83,1.0851,0.0953,0.0109,447163
2024-02-28T00:00:00.000+0000,78.54,330043,0.739,103.98,1.0845,0.095,0.0109,447163
2024-02-29T00:00:00.000+0000,78.26,317939,0.7365,104.16,1.0839,0.0944,0.0109,447163
2024-03-01T00:00:00.000+0000,79.97,363417,0.7367,103.86,1.0805,0.0942,0.0109,448530
2024-03-04T00:00:00.000+0000,78.74,347214,0.7379,103.83,1.0843,0.0951,0.0109,448530
2024-03-05T00:00:00.000+0000,78.15,436521,0.7368,103.8,1.0855,0.0946,0.0109,448530
2024-03-06T00:00:00.000+0000,79.13,371049,0.7358,103.37,1.0856,0.0946,0.0109,448530
2024-03-07T00:00:00.000+0000,78.93,432923,0.74,102.82,1.09,0.0954,0.011,448530
2024-03-08T00:00:00.000+0000,78.01,347533,0.7434,102.74,1.095,0.0962,0.011,446994
2024-03-11T00:00:00.000+0000,77.93,329873,0.7416,102.87,1.0943,0.0959,0.011,446994
2024-03-12T00:00:00.000+0000,77.56,309922,0.742,102.96,1.0931,0.0958,0.0111,446994
2024-03-13T00:00:00.000+0000,79.72,316390,0.7411,102.79,1.0928,0.0952,0.0109,446994
2024-03-14T00:00:00.000+0000,81.26,297450,0.7426,103.36,1.0955,0.0955,0.0109,446994
2024-03-15T00:00:00.000+0000,81.04,185078,0.7387,103.43,1.0883,0.0946,0.0109,445042
2024-03-18T00:00:00.000+0000,82.72,84718,0.7382,103.58,1.0883,0.0941,0.0108,445042
2024-03-19T00:00:00.000+0000,83.47,76814,0.7388,103.81,1.0874,0.094,0.0108,445042
2024-03-20T00:00:00.000+0000,81.68,351161,0.7368,103.41,1.0863,0.094,0.0109,445042
2024-03-21T00:00:00.000+0000,81.07,266860,0.7423,104,1.0937,0.0948,0.0109,445042
2024-03-22T00:00:00.000+0000,80.63,231101,0.7393,104.43,1.0862,0.0938,0.0108,448207
2024-03-25T00:00:00.000+0000,81.95,300360,0.7347,104.23,1.0808,0.093,0.0109,448207
2024-03-26T00:00:00.000+0000,81.62,235845,0.7361,104.29,1.0838,0.0933,0.0108,448207
2024-03-27T00:00:00.000+0000,81.35,249964,0.7363,104.35,1.0832,0.093,0.0108,448207
2024-03-28T00:00:00.000+0000,83.17,293774,0.7361,104.55,1.0813,0.0926,0.0108,448207
2024-04-01T00:00:00.000+0000,83.71,321059,0.7395,105.02,1.0793,0.0922,0.0108,451417
2024-04-02T00:00:00.000+0000,85.15,344040,0.7367,104.82,1.0737,0.0912,0.0108,451417
2024-04-03T00:00:00.000+0000,85.43,322549,0.7372,104.25,1.0769,0.0923,0.0108,451417
2024-04-04T00:00:00.000+0000,86.59,359534,0.7394,104.12,1.0838,0.0934,0.0108,451417
2024-04-05T00:00:00.000+0000,86.91,353206,0.7383,104.3,1.0837,0.0932,0.0108,457258
2024-04-08T00:00:00.000+0000,86.43,393734,0.7351,104.14,1.083,0.093,0.0108,457258
2024-04-09T00:00:00.000+0000,85.23,314994,0.7369,104.15,1.0864,0.0937,0.0108,457258
2024-04-10T00:00:00.000+0000,86.21,373939,0.7368,105.25,1.0859,0.0938,0.0108,457258
2024-04-11T00:00:00.000+0000,85.02,388128,0.7306,105.28,1.0742,0.0923,0.0108,457258
2024-04-12T00:00:00.000+0000,85.66,369958,0.7306,106.04,1.0727,0.0924,0.0108,459993
2024-04-15T00:00:00.000+0000,85.41,343894,0.7268,106.21,1.065,0.092,0.0107,459993
2024-04-16T00:00:00.000+0000,85.36,241343,0.7254,106.26,1.0626,0.0915,0.0107,459993
2024-04-17T00:00:00.000+0000,82.69,259540,0.7237,105.95,1.0621,0.0912,0.0107,459993
2024-04-18T00:00:00.000+0000,82.73,84468,0.7261,106.15,1.0669,0.0909,0.0106,459993
2024-04-19T00:00:00.000+0000,83.14,76901,0.7263,106.15,1.0644,0.0905,0.0107,453625
2024-04-22T00:00:00.000+0000,82.85,313914,0.7279,106.08,1.0658,0.0908,0.0107,453625
2024-04-23T00:00:00.000+0000,83.36,355814,0.7299,105.69,1.0654,0.0911,0.0108,453625
2024-04-24T00:00:00.000+0000,82.81,329077,0.732,105.86,1.0704,0.0917,0.0108,453625
2024-04-25T00:00:00.000+0000,83.57,314116,0.7297,105.6,1.07,0.091,0.0107,453625
2024-04-26T00:00:00.000+0000,83.85,244090,0.7322,105.94,1.073,0.0913,0.0108,460890
2024-04-29T00:00:00.000+0000,82.63,336984,0.7323,105.58,1.0707,0.0908,0.0108,460890
2024-04-30T00:00:00.000+0000,81.93,400680,0.7317,106.22,1.0716,0.091,0.0107,460890
2024-05-01T00:00:00.000+0000,79,441978,0.7258,105.76,1.0667,0.09,0.0107,460890
2024-05-02T00:00:00.000+0000,78.95,359652,0.7287,105.3,1.0722,0.0908,0.0107,460890
2024-05-03T00:00:00.000+0000,78.11,324438,0.7317,105.03,1.0733,0.0911,0.0107,459528
2024-05-06T00:00:00.000+0000,78.48,297369,0.7304,105.05,1.0758,0.0921,0.0107,459528
2024-05-07T00:00:00.000+0000,78.38,327593,0.7315,105.41,1.0768,0.0923,0.011,459528
2024-05-08T00:00:00.000+0000,78.99,355449,0.7282,105.55,1.075,0.0916,0.011,459528
2024-05-09T00:00:00.000+0000,79.26,272712,0.7285,105.23,1.0747,0.0917,0.011,459528
2024-05-10T00:00:00.000+0000,78.26,281169,0.7311,105.31,1.0785,0.0923,0.0109,457020
2024-05-13T00:00:00.000+0000,79.12,287701,0.7312,105.22,1.077,0.0922,0.0109,457020
2024-05-14T00:00:00.000+0000,78.02,307410,0.7318,105.01,1.0794,0.0925,0.0109,457020
2024-05-15T00:00:00.000+0000,78.63,321267,0.7325,104.35,1.0815,0.0926,0.011,457020
2024-05-16T00:00:00.000+0000,79.23,230277,0.7355,104.46,1.089,0.0939,0.011,457020
2024-05-17T00:00:00.000+0000,80.06,94152,0.7345,104.45,1.0868,0.0936,0.011,458845
2024-05-20T00:00:00.000+0000,79.8,85072,0.7349,104.57,1.0875,0.0937,0.011,458845
2024-05-21T00:00:00.000+0000,79.26,371672,0.7342,104.66,1.0861,0.0935,0.0111,458845
2024-05-22T00:00:00.000+0000,77.57,314145,0.7331,104.94,1.0855,0.0938,0.0111,458845
2024-05-23T00:00:00.000+0000,76.87,330273,0.7305,105.11,1.0825,0.0934,0.0111,458845
2024-05-24T00:00:00.000+0000,77.72,299075,0.7282,104.72,1.0813,0.0937,0.0109,454689
2024-05-28T00:00:00.000+0000,79.83,334074,0.7337,104.61,1.0862,0.0954,0.0109,454689
2024-05-29T00:00:00.000+0000,79.23,259594,0.7328,105.1,1.0852,0.0951,0.0109,454689
2024-05-30T00:00:00.000+0000,77.91,373779,0.729,104.72,1.0802,0.0945,0.0112,454689
2024-05-31T00:00:00.000+0000,76.99,345120,0.7308,104.67,1.0835,0.0948,0.0112,455922
2024-06-03T00:00:00.000+0000,74.22,443271,0.7343,104.14,1.0853,0.0953,0.0111,455922
2024-06-04T00:00:00.000+0000,73.25,408721,0.7337,104.11,1.0907,0.0957,0.0112,455922
2024-06-05T00:00:00.000+0000,74.07,307701,0.7312,104.27,1.0882,0.0948,0.0113,455922
2024-06-06T00:00:00.000+0000,75.55,291082,0.7305,104.1,1.0875,0.0946,0.0112,455922
2024-06-07T00:00:00.000+0000,75.53,280253,0.7316,104.89,1.0894,0.0948,0.0112,459652
2024-06-10T00:00:00.000+0000,77.74,317031,0.7268,105.15,1.0779,0.0933,0.0113,459652
2024-06-11T00:00:00.000+0000,77.9,314874,0.7267,105.23,1.0764,0.094,0.0113,459652
2024-06-12T00:00:00.000+0000,78.5,322285,0.727,104.65,1.074,0.0935,0.0112,459652
2024-06-13T00:00:00.000+0000,78.62,307638,0.7288,105.2,1.0813,0.0945,0.0112,459652
2024-06-14T00:00:00.000+0000,78.45,245827,0.7277,105.55,1.0739,0.0939,0.0114,457105
2024-06-17T00:00:00.000+0000,80.33,126733,0.7282,105.32,1.0702,0.0937,0.0114,457105
2024-06-18T00:00:00.000+0000,81.57,140709,0.7292,105.26,1.0741,0.0939,0.0113,457105
2024-06-20T00:00:00.000+0000,82.17,420499,0.7296,105.59,1.0752,0.0947,0.012,457105
2024-06-21T00:00:00.000+0000,80.73,290500,0.7307,105.8,1.0706,0.0949,0.0114,460696
2024-06-24T00:00:00.000+0000,81.63,271745,0.7299,105.47,1.0688,0.0945,0.0114,460696
2024-06-25T00:00:00.000+0000,80.83,286038,0.7322,105.61,1.0733,0.0949,0.0114,460696
2024-06-26T00:00:00.000+0000,80.9,308410,0.732,106.05,1.071,0.0942,0.0114,460696
2024-06-27T00:00:00.000+0000,81.74,306342,0.7297,105.91,1.068,0.0936,0.0113,460696
2024-06-28T00:00:00.000+0000,81.54,260252,0.73,105.87,1.0708,0.0939,0.0118,448539
2024-07-01T00:00:00.000+0000,83.38,345780,0.7314,105.9,1.0735,0.0938,0.0117,448539
2024-07-02T00:00:00.000+0000,82.81,367787,0.7279,105.72,1.0737,0.0938,0.0115,448539
2024-07-03T00:00:00.000+0000,83.88,289685,0.7312,105.4,1.0748,0.0938,0.0114,448539
2024-07-05T00:00:00.000+0000,83.16,361357,0.7345,104.88,1.0811,0.0946,0.0112,445096
2024-07-08T00:00:00.000+0000,82.33,251774,0.7332,105.01,1.0826,0.0947,0.0115,445096
2024-07-09T00:00:00.000+0000,81.41,297325,0.7337,105.13,1.0831,0.0943,0.0115,445096
2024-07-10T00:00:00.000+0000,82.1,334380,0.7337,105.05,1.0815,0.0943,0.0116,445096
2024-07-11T00:00:00.000+0000,82.62,324170,0.7344,104.44,1.0833,0.0934,0.0113,445096
2024-07-12T00:00:00.000+0000,82.21,370062,0.734,104.09,1.0873,0.0933,0.0115,440226
2024-07-15T00:00:00.000+0000,81.91,296520,0.7328,104.19,1.0886,0.0931,0.0115,440226
2024-07-16T00:00:00.000+0000,80.76,308186,0.7312,104.27,1.0902,0.0926,0.0114,440226
2024-07-17T00:00:00.000+0000,82.85,257437,0.7316,103.75,1.0903,0.0928,0.0113,440226
2024-07-18T00:00:00.000+0000,82.82,95704,0.7311,104.17,1.094,0.0933,0.0113,440226
2024-07-19T00:00:00.000+0000,80.13,83795,0.7298,104.4,1.0902,0.0925,0.0113,436485
2024-07-22T00:00:00.000+0000,79.78,345235,0.7296,104.31,1.0899,0.0919,0.0115,436485
2024-07-23T00:00:00.000+0000,76.96,417941,0.7267,104.45,1.089,0.0913,0.0114,436485
2024-07-24T00:00:00.000+0000,77.59,355971,0.7254,104.39,1.0851,0.0908,0.0114,436485
2024-07-25T00:00:00.000+0000,78.28,457288,0.7241,104.36,1.084,0.0907,0.0116,436485
2024-07-26T00:00:00.000+0000,77.16,365121,0.7236,104.32,1.0851,0.0907,0.0118,433049
2024-07-29T00:00:00.000+0000,75.81,362635,0.7232,104.56,1.0854,0.0909,0.0118,433049
2024-07-30T00:00:00.000+0000,74.73,419478,0.7217,104.55,1.0819,0.0909,0.0116,433049
2024-07-31T00:00:00.000+0000,77.91,460315,0.722,104.1,1.0816,0.0914,0.0117,433049
2024-08-01T00:00:00.000+0000,76.31,383014,0.7242,104.42,1.0824,0.0918,0.0116,433049
2024-08-02T00:00:00.000+0000,73.52,467786,0.7204,103.21,1.0788,0.0913,0.0117,429321
2024-08-05T00:00:00.000+0000,72.94,500151,0.7203,102.69,1.0911,0.0913,0.0119,429321
2024-08-06T00:00:00.000+0000,73.2,352250,0.7244,102.97,1.0951,0.0909,0.0118,429321
2024-08-07T00:00:00.000+0000,75.23,427995,0.7253,103.2,1.0926,0.0918,0.0117,429321
2024-08-08T00:00:00.000+0000,76.19,327301,0.727,103.21,1.0928,0.0924,0.0117,429321
2024-08-09T00:00:00.000+0000,76.84,263007,0.728,103.14,1.0916,0.0923,0.0115,430678
2024-08-12T00:00:00.000+0000,80.06,376747,0.728,103.14,1.0914,0.0925,0.0115,430678
2024-08-13T00:00:00.000+0000,78.35,370763,0.7277,102.56,1.0936,0.0926,0.011,430678
2024-08-14T00:00:00.000+0000,76.98,357636,0.7294,102.57,1.0997,0.0933,0.0111,430678
2024-08-15T00:00:00.000+0000,78.16,195122,0.7291,102.98,1.1013,0.0933,0.0111,430678
2024-08-16T00:00:00.000+0000,76.65,100810,0.7281,102.46,1.0973,0.0931,0.0112,426029
2024-08-19T00:00:00.000+0000,74.37,118172,0.7311,101.89,1.1025,0.0936,0.0112,426029
2024-08-20T00:00:00.000+0000,74.04,329276,0.7337,101.44,1.1086,0.095,0.0111,426029
2024-08-21T00:00:00.000+0000,71.93,390527,0.7344,101.04,1.1128,0.0953,0.011,426029
2024-08-22T00:00:00.000+0000,73.01,334117,0.7362,101.51,1.1155,0.0952,0.0109,426029
2024-08-23T00:00:00.000+0000,74.83,313764,0.7351,100.72,1.1117,0.0945,0.0109,425183
2024-08-26T00:00:00.000+0000,77.42,409675,0.7403,100.85,1.1188,0.0956,0.0111,425183
2024-08-27T00:00:00.000+0000,75.53,331162,0.7417,100.55,1.1165,0.0949,0.0109,425183
2024-08-28T00:00:00.000+0000,74.52,337361,0.7436,101.09,1.1178,0.0956,0.0109,425183
2024-08-29T00:00:00.000+0000,75.91,408147,0.742,101.34,1.1125,0.0952,0.0109,425183
2024-08-30T00:00:00.000+0000,73.55,427273,0.7413,101.7,1.108,0.0952,0.0109,418310
2024-09-03T00:00:00.000+0000,70.34,546617,0.7409,101.83,1.1067,0.0944,0.0111,418310
2024-09-04T00:00:00.000+0000,69.2,482025,0.7384,101.36,1.1049,0.0937,0.0114,418310
2024-09-05T00:00:00.000+0000,69.15,405596,0.7403,101.11,1.108,0.0941,0.0114,418310
2024-09-06T00:00:00.000+0000,67.67,351074,0.7407,101.18,1.1111,0.0941,0.0113,419143
2024-09-09T00:00:00.000+0000,68.71,351074,0.7373,101.55,1.1087,0.0934,0.0112,419143
2024-09-10T00:00:00.000+0000,65.75,442855,0.7372,101.63,1.1038,0.0922,0.011,419143
2024-09-11T00:00:00.000+0000,67.31,393311,0.7348,101.68,1.1021,0.0925,0.011,419143
2024-09-12T00:00:00.000+0000,68.97,351976,0.7365,101.37,1.1011,0.0921,0.0109,419143
2024-09-13T00:00:00.000+0000,68.65,308983,0.7366,101.11,1.1078,0.0934,0.0112,417513
2024-09-16T00:00:00.000+0000,70.09,295176,0.7365,100.76,1.1088,0.0942,0.0111,417513
2024-09-17T00:00:00.000+0000,71.19,251629,0.736,100.89,1.113,0.0944,0.0109,417513
2024-09-18T00:00:00.000+0000,70.91,102907,0.7357,100.6,1.1123,0.0945,0.0109,417513
2024-09-19T00:00:00.000+0000,71.95,86630,0.7347,100.61,1.1115,0.0945,0.0107,417513
2024-09-20T00:00:00.000+0000,71.92,306997,0.7373,100.72,1.1162,0.0952,0.0108,413042
2024-09-23T00:00:00.000+0000,70.37,338267,0.7372,100.92,1.1161,0.0955,0.0109,413042
2024-09-24T00:00:00.000+0000,71.56,318516,0.7391,100.37,1.1112,0.0954,0.0109,413042
2024-09-25T00:00:00.000+0000,69.69,476237,0.7451,100.92,1.1191,0.0962,0.0108,413042
2024-09-26T00:00:00.000+0000,67.67,478069,0.7417,100.56,1.1131,0.0946,0.0108,413042
2024-09-27T00:00:00.000+0000,68.18,341133,0.7421,100.42,1.1177,0.095,0.0108,416931
2024-09-30T00:00:00.000+0000,68.17,350115,0.7403,100.78,1.117,0.0954,0.0106,416931
2024-10-01T00:00:00.000+0000,69.83,668216,0.7393,101.19,1.1137,0.0949,0.0108,416931
2024-10-02T00:00:00.000+0000,70.1,429225,0.741,101.68,1.1064,0.0943,0.0104,416931
2024-10-03T00:00:00.000+0000,73.71,460554,0.7405,101.99,1.1049,0.0946,0.0105,416931
2024-10-04T00:00:00.000+0000,74.38,428815,0.7381,102.52,1.1036,0.0944,0.0106,422741
2024-10-07T00:00:00.000+0000,77.14,419018,0.7364,102.54,1.0975,0.0937,0.0105,422741
2024-10-08T00:00:00.000+0000,73.57,496760,0.7343,102.55,1.0976,0.094,0.0104,422741
2024-10-09T00:00:00.000+0000,73.24,401159,0.7325,102.93,1.0976,0.0934,0.0103,422741
2024-10-10T00:00:00.000+0000,75.85,321453,0.7294,102.99,1.0943,0.0928,0.0103,422741
2024-10-11T00:00:00.000+0000,75.56,315302,0.7275,102.89,1.0934,0.0932,0.0104,420550
2024-10-14T00:00:00.000+0000,73.83,273455,0.7256,103.3,1.0925,0.0932,0.0104,420550
2024-10-15T00:00:00.000+0000,70.58,328738,0.7245,103.26,1.0909,0.0926,0.0105,420550
2024-10-16T00:00:00.000+0000,70.39,222437,0.7256,103.59,1.0884,0.0924,0.0103,420550
2024-10-17T00:00:00.000+0000,70.67,188161,0.727,103.83,1.0862,0.0916,0.0103,420550
2024-10-18T00:00:00.000+0000,69.22,95768,0.7249,103.49,1.083,0.0916,0.0103,426024
2024-10-21T00:00:00.000+0000,70.56,92584,0.7247,104.01,1.0869,0.0916,0.0105,426024
2024-10-22T00:00:00.000+0000,72.09,330456,0.7229,104.08,1.0818,0.0913,0.0103,426024
2024-10-23T00:00:00.000+0000,70.77,293835,0.7238,104.43,1.0797,0.0916,0.0104,426024
2024-10-24T00:00:00.000+0000,70.19,286571,0.7227,104.06,1.0781,0.091,0.0104,426024
2024-10-25T00:00:00.000+0000,71.78,287189,0.7218,104.26,1.0824,0.0914,0.0104,425509
2024-10-28T00:00:00.000+0000,67.38,419623,0.7197,104.32,1.0797,0.091,0.0103,425509
2024-10-29T00:00:00.000+0000,67.21,291929,0.72,104.28,1.0817,0.091,0.0103,425509
2024-10-30T00:00:00.000+0000,68.61,284795,0.7188,103.99,1.0821,0.0913,0.0103,425509
2024-10-31T00:00:00.000+0000,69.26,311055,0.719,103.98,1.0859,0.0912,0.0103,425509
2024-11-01T00:00:00.000+0000,69.49,320572,0.7176,104.28,1.0886,0.091,0.0103,427658
2024-11-04T00:00:00.000+0000,71.47,286947,0.7185,103.89,1.0875,0.0908,0.0103,427658
2024-11-05T00:00:00.000+0000,71.99,247311,0.7194,103.42,1.0874,0.0909,0.0101,427658
2024-11-06T00:00:00.000+0000,71.69,388265,0.7229,105.09,1.0934,0.0914,0.0102,427658
2024-11-07T00:00:00.000+0000,72.36,353595,0.7169,104.51,1.0733,0.0903,0.0103,427658
2024-11-08T00:00:00.000+0000,70.38,362038,0.7211,105,1.0795,0.092,0.0102,429747
2024-11-11T00:00:00.000+0000,68.04,364506,0.719,105.54,1.0715,0.091,0.0103,429747
2024-11-12T00:00:00.000+0000,68.12,286926,0.7183,106.02,1.0664,0.0907,0.0104,429747
2024-11-13T00:00:00.000+0000,68.43,386027,0.7171,106.48,1.0617,0.0903,0.0102,429747
2024-11-14T00:00:00.000+0000,68.7,232270,0.7147,106.67,1.0564,0.0898,0.0102,429747
2024-11-15T00:00:00.000+0000,67.02,205235,0.7112,106.69,1.053,0.0897,0.01,430292
2024-11-18T00:00:00.000+0000,69.16,110375,0.7099,106.28,1.0534,0.0902,0.01,430292
2024-11-19T00:00:00.000+0000,69.39,89360,0.7131,106.21,1.0595,0.0909,0.01,430292
2024-11-20T00:00:00.000+0000,68.87,235637,0.7166,106.68,1.0608,0.0913,0.0099,430292
2024-11-21T00:00:00.000+0000,70.1,283850,0.7159,106.97,1.0546,0.0904,0.0099,430292
2024-11-22T00:00:00.000+0000,71.24,408207,0.7153,107.49,1.0469,0.0903,0.0099,428448
2024-11-25T00:00:00.000+0000,68.94,380922,0.7177,106.82,1.048,0.0908,0.0096,428448
2024-11-26T00:00:00.000+0000,68.77,292138,0.7093,107.01,1.0444,0.09,0.0096,428448
2024-11-27T00:00:00.000+0000,68.72,227215,0.7116,106.08,1.0491,0.0897,0.0095,428448
2024-11-29T00:00:00.000+0000,68,291408,0.7139,105.74,1.0563,0.0906,0.0093,423375
2024-12-02T00:00:00.000+0000,68.1,264883,0.7136,106.45,1.0545,0.0905,0.0094,423375
2024-12-03T00:00:00.000+0000,69.94,303752,0.7121,106.37,1.0501,0.0902,0.0094,423375
2024-12-04T00:00:00.000+0000,68.54,325636,0.7109,106.34,1.0511,0.0904,0.0095,423375
2024-12-05T00:00:00.000+0000,68.3,286701,0.7106,105.71,1.0514,0.0905,0.0095,423375
2024-12-06T00:00:00.000+0000,67.2,341593,0.7132,105.97,1.0586,0.0906,0.0099,421950
2024-12-09T00:00:00.000+0000,68.37,297085,0.7068,106.15,1.0565,0.0897,0.0102,421950
2024-12-10T00:00:00.000+0000,68.59,286003,0.7056,106.4,1.0555,0.0899,0.01,421950
2024-12-11T00:00:00.000+0000,70.29,335892,0.7055,106.71,1.0533,0.0897,0.0097,421950
2024-12-12T00:00:00.000+0000,70.02,326046,0.7068,106.96,1.0507,0.0898,0.0095,421950
2024-12-13T00:00:00.000+0000,71.29,230429,0.7034,107,1.0474,0.0897,0.0095,421016
2024-12-16T00:00:00.000+0000,70.71,204296,0.7029,106.86,1.051,0.0898,0.0098,421016
2024-12-17T00:00:00.000+0000,70.08,99604,0.7025,106.96,1.0517,0.0897,0.0097,421016
2024-12-18T00:00:00.000+0000,70.58,99386,0.6988,108.03,1.0495,0.0894,0.0096,421016
2024-12-19T00:00:00.000+0000,69.91,291660,0.6915,108.41,1.035,0.0878,0.0096,421016
2024-12-20T00:00:00.000+0000,69.46,231592,0.6943,107.62,1.0365,0.0875,0.0097,416779
2024-12-23T00:00:00.000+0000,69.24,188843,0.6963,108.04,1.0433,0.0884,0.0098,416779
2024-12-24T00:00:00.000+0000,70.1,122602,0.6957,108.26,1.0406,0.0881,0.0099,416779
2024-12-26T00:00:00.000+0000,69.62,144877,0.6967,108.13,1.04,0.0882,0.01,416779
2024-12-27T00:00:00.000+0000,70.6,172641,0.6939,108,1.0423,0.0878,0.01,415601
2024-12-30T00:00:00.000+0000,70.99,199296,0.6943,108.13,1.0429,0.0881,0.0096,415601
