trade_date,energy_price,energy_volume,CAD/USD,DXY,EUR/USD,NOK/USD,RUB/USD,gas_storage
2021-01-04T00:00:00.000+0000,2.58,128377,0.786,89.88,1.2251,0.117,0.0135,3330
2021-01-05T00:00:00.000+0000,2.7,149828,0.7824,89.44,1.2252,0.1169,0.0134,3330
2021-01-06T00:00:00.000+0000,2.72,144690,0.789,89.53,1.23,0.1182,0.0135,3330
2021-01-07T00:00:00.000+0000,2.73,135480,0.7896,89.83,1.2341,0.1191,0.0135,3330
2021-01-08T00:00:00.000+0000,2.7,148730,0.7884,90.1,1.2271,0.1187,0.0134,3196
2021-01-11T00:00:00.000+0000,2.75,177248,0.7855,90.54,1.2186,0.1182,0.0134,3196
2021-01-12T00:00:00.000+0000,2.75,201432,0.783,90.05,1.2161,0.1173,0.0134,3196
2021-01-13T00:00:00.000+0000,2.73,169240,0.7869,90.32,1.2209,0.1184,0.0136,3196
2021-01-14T00:00:00.000+0000,2.67,163043,0.7875,90.24,1.2162,0.1182,0.0135,3196
2021-01-15T00:00:00.000+0000,2.74,150994,0.7907,90.78,1.2151,0.1181,0.0136,3009
2021-01-19T00:00:00.000+0000,2.55,211313,0.7844,90.5,1.2077,0.1164,0.0135,3009
2021-01-20T00:00:00.000+0000,2.54,133437,0.786,90.47,1.2139,0.1174,0.0136,3009
2021-01-21T00:00:00.000+0000,2.49,100319,0.792,90.13,1.2116,0.118,0.0136,3009
2021-01-22T00:00:00.000+0000,2.45,63833,0.7907,90.24,1.2166,0.119,0.0135,2881
2021-01-25T00:00:00.000+0000,2.6,42988,0.786,90.39,1.2169,0.1181,0.0133,2881
2021-01-26T00:00:00.000+0000,2.66,32233,0.7851,90.17,1.2146,0.1172,0.0133,2881
2021-01-27T00:00:00.000+0000,2.76,153190,0.7878,90.65,1.2163,0.117,0.0133,2881
2021-01-28T00:00:00.000+0000,2.66,159820,0.7803,90.46,1.2105,0.1155,0.0132,2881
2021-01-29T00:00:00.000+0000,2.56,133177,0.7794,90.58,1.212,0.1163,0.0131,2689
2021-02-01T00:00:00.000+0000,2.85,243658,0.7811,91.02,1.2124,0.1162,0.0132,2689
2021-02-02T00:00:00.000+0000,2.85,236392,0.7785,91.2,1.2069,0.1165,0.0131,2689
2021-02-03T00:00:00.000+0000,2.79,158484,0.7822,91.12,1.2039,0.1163,0.0131,2689
2021-02-04T00:00:00.000+0000,2.93,186926,0.7822,91.53,1.2042,0.1166,0.0132,2689
2021-02-05T00:00:00.000+0000,2.86,270029,0.7799,91.04,1.1967,0.1159,0.0132,2518
2021-02-08T00:00:00.000+0000,2.88,194660,0.7838,90.93,1.2049,0.1173,0.0134,2518
2021-02-09T00:00:00.000+0000,2.84,196927,0.7851,90.44,1.2054,0.1178,0.0135,2518
2021-02-10T00:00:00.000+0000,2.91,266986,0.7876,90.37,1.212,0.1184,0.0135,2518
2021-02-11T00:00:00.000+0000,2.87,261922,0.7876,90.42,1.2121,0.1182,0.0135,2518
2021-02-12T00:00:00.000+0000,2.91,190054,0.7874,90.48,1.2132,0.118,0.0136,2281
2021-02-16T00:00:00.000+0000,3.13,288942,0.7914,90.51,1.2132,0.1192,0.0136,2281
2021-02-17T00:00:00.000+0000,3.22,218620,0.7868,90.95,1.2092,0.1182,0.0136,2281
2021-02-18T00:00:00.000+0000,3.08,171654,0.7874,90.59,1.2048,0.1177,0.0136,2281
2021-02-19T00:00:00.000+0000,3.07,67064,0.7886,90.36,1.2092,0.1182,0.0135,1943
2021-02-22T00:00:00.000+0000,2.95,39814,0.7937,90.01,1.2126,0.1184,0.0135,1943
2021-02-23T00:00:00.000+0000,2.88,45697,0.7931,90.17,1.2167,0.1178,0.0135,1943
2021-02-24T00:00:00.000+0000,2.85,113572,0.7941,90.18,1.2152,0.1181,0.0135,1943
2021-02-25T00:00:00.000+0000,2.78,123990,0.7994,90.13,1.2171,0.1195,0.0136,1943
2021-02-26T00:00:00.000+0000,2.77,132989,0.793,90.93,1.216,0.1176,0.0134,1845
2021-03-01T00:00:00.000+0000,2.78,75971,0.7876,91.04,1.209,0.1159,0.0134,1845
2021-03-02T00:00:00.000+0000,2.84,109635,0.791,90.79,1.2051,0.1169,0.0135,1845
2021-03-03T00:00:00.000+0000,2.82,93789,0.7914,90.95,1.2085,0.118,0.0136,1845
2021-03-04T00:00:00.000+0000,2.75,138699,0.7892,91.63,1.2051,0.1174,0.0135,1845
2021-03-05T00:00:00.000+0000,2.7,116201,0.7888,91.98,1.1968,0.1166,0.0134,1793
2021-03-08T00:00:00.000+0000,2.66,130867,0.7916,92.31,1.1926,0.1174,0.0135,1793
2021-03-09T00:00:00.000+0000,2.66,96803,0.79,91.96,1.1852,0.1172,0.0134,1793
2021-03-10T00:00:00.000+0000,2.69,93180,0.7909,91.79,1.1898,0.1181,0.0135,1793
2021-03-11T00:00:00.000+0000,2.67,119770,0.7924,91.42,1.1926,0.1186,0.0136,1793
2021-03-12T00:00:00.000+0000,2.6,104726,0.798,91.68,1.1986,0.1189,0.0136,1782
2021-03-15T00:00:00.000+0000,2.48,136038,0.802,91.83,1.195,0.1188,0.0136,1782
2021-03-16T00:00:00.000+0000,2.56,99293,0.8016,91.87,1.1926,0.1183,0.0137,1782
2021-03-17T00:00:00.000+0000,2.53,91676,0.8037,91.4,1.1902,0.118,0.0137,1782
2021-03-18T00:00:00.000+0000,2.48,143768,0.8071,91.85,1.1983,0.1191,0.0136,1782
2021-03-19T00:00:00.000+0000,2.54,74375,0.8006,91.92,1.1918,0.1175,0.0135,1750
2021-03-22T00:00:00.000+0000,2.58,108225,0.7985,91.8,1.1883,0.1169,0.0135,1750
2021-03-23T00:00:00.000+0000,2.51,89372,0.7987,92.34,1.1933,0.1177,0.0134,1750
2021-03-24T00:00:00.000+0000,2.52,48420,0.7943,92.53,1.184,0.1155,0.0131,1750
2021-03-25T00:00:00.000+0000,2.57,39046,0.7951,92.88,1.1813,0.1166,0.0131,1750
2021-03-26T00:00:00.000+0000,2.56,35201,0.7935,92.77,1.1777,0.1159,0.0131,1764
2021-03-29T00:00:00.000+0000,2.59,103898,0.7946,92.94,1.1788,0.1165,0.0132,1764
2021-03-30T00:00:00.000+0000,2.62,100807,0.7943,93.3,1.1771,0.117,0.0132,1764
2021-03-31T00:00:00.000+0000,2.61,92080,0.7923,93.23,1.1724,0.117,0.0132,1764
2021-04-01T00:00:00.000+0000,2.64,116692,0.7959,92.93,1.1729,0.117,0.0132,1764
2021-04-05T00:00:00.000+0000,2.51,146892,0.7959,92.6,1.1768,0.1173,0.0131,1784
2021-04-06T00:00:00.000+0000,2.46,142675,0.7987,92.34,1.1819,0.1177,0.0131,1784
2021-04-07T00:00:00.000+0000,2.52,132266,0.7955,92.46,1.1874,0.118,0.013,1784
2021-04-08T00:00:00.000+0000,2.52,140798,0.7929,92.06,1.1874,0.118,0.013,1784
2021-04-09T00:00:00.000+0000,2.53,121593,0.796,92.16,1.1916,0.1183,0.013,1845
2021-04-12T00:00:00.000+0000,2.56,144317,0.798,92.14,1.1901,0.1176,0.0129,1845
2021-04-13T00:00:00.000+0000,2.62,166000,0.7962,91.85,1.1915,0.1179,0.0129,1845
2021-04-14T00:00:00.000+0000,2.62,129020,0.7976,91.69,1.1954,0.1181,0.0132,1845
2021-04-15T00:00:00.000+0000,2.66,135586,0.7989,91.67,1.1986,0.1192,0.0132,1845
2021-04-16T00:00:00.000+0000,2.68,94879,0.7972,91.56,1.1972,0.1194,0.0131,1883
2021-04-19T00:00:00.000+0000,2.75,105072,0.7989,91.07,1.1969,0.1193,0.0132,1883
2021-04-20T00:00:00.000+0000,2.73,96682,0.7986,91.24,1.2045,0.1207,0.0131,1883
2021-04-21T00:00:00.000+0000,2.69,99733,0.7929,91.16,1.2032,0.1196,0.013,1883
2021-04-22T00:00:00.000+0000,2.75,126330,0.7998,91.33,1.2038,0.12,0.0131,1883
2021-04-23T00:00:00.000+0000,2.73,50602,0.7998,90.86,1.2015,0.1197,0.0132,1898
2021-04-26T00:00:00.000+0000,2.79,34308,0.8008,90.81,1.209,0.1204,0.0133,1898
2021-04-27T00:00:00.000+0000,2.87,41283,0.8067,90.91,1.2082,0.1206,0.0133,1898
2021-04-28T00:00:00.000+0000,2.92,131127,0.806,90.61,1.209,0.1209,0.0134,1898
2021-04-29T00:00:00.000+0000,2.91,123113,0.8128,90.61,1.2136,0.1224,0.0134,1898
2021-04-30T00:00:00.000+0000,2.93,101566,0.8146,91.28,1.2127,0.1223,0.0134,1958
2021-05-03T00:00:00.000+0000,2.97,101038,0.8144,90.95,1.2028,0.1203,0.0133,1958
2021-05-04T00:00:00.000+0000,2.97,102051,0.8143,91.29,1.2061,0.1207,0.0134,1958
2021-05-05T00:00:00.000+0000,2.94,90213,0.813,91.31,1.2015,0.1201,0.0134,1958
2021-05-06T00:00:00.000+0000,2.93,83813,0.8152,90.95,1.2008,0.1199,0.0134,1958
2021-05-07T00:00:00.000+0000,2.96,102868,0.8228,90.23,1.2069,0.1205,0.0135,2029
2021-05-10T00:00:00.000+0000,2.93,92283,0.8255,90.21,1.2171,0.1219,0.0136,2029
2021-05-11T00:00:00.000+0000,2.95,107218,0.8269,90.14,1.2141,0.1212,0.0135,2029
2021-05-12T00:00:00.000+0000,2.97,90583,0.8267,90.71,1.2145,0.1212,0.0135,2029
2021-05-13T00:00:00.000+0000,2.97,96118,0.825,90.75,1.2079,0.1199,0.0134,2029
2021-05-14T00:00:00.000+0000,2.96,84204,0.8218,90.32,1.2077,0.1197,0.0135,2100
2021-05-17T00:00:00.000+0000,3.11,169013,0.8257,90.22,1.215,0.1217,0.0135,2100
2021-05-18T00:00:00.000+0000,3.01,129179,0.8291,89.75,1.2157,0.1212,0.0136,2100
2021-05-19T00:00:00.000+0000,2.96,100252,0.8283,90.19,1.2224,0.1215,0.0136,2100
2021-05-20T00:00:00.000+0000,2.92,85088,0.8242,89.81,1.2173,0.1201,0.0136,2100
2021-05-21T00:00:00.000+0000,2.91,58274,0.829,90.02,1.2225,0.1204,0.0136,2215
2021-05-24T00:00:00.000+0000,2.89,43513,0.8287,89.83,1.2183,0.1194,0.0136,2215
2021-05-25T00:00:00.000+0000,2.91,38344,0.8299,89.64,1.2215,0.12,0.0136,2215
2021-05-26T00:00:00.000+0000,2.98,120871,0.8289,90.04,1.2249,0.1204,0.0136,2215
2021-05-27T00:00:00.000+0000,2.96,123065,0.8244,89.97,1.2193,0.1195,0.0136,2215
2021-05-28T00:00:00.000+0000,2.99,110003,0.8285,90.03,1.2193,0.1198,0.0136,2313
2021-06-01T00:00:00.000+0000,3.1,193404,0.8291,89.83,1.2233,0.1204,0.0136,2313
2021-06-02T00:00:00.000+0000,3.08,114984,0.8286,89.9,1.2218,0.1203,0.0136,2313
2021-06-03T00:00:00.000+0000,3.04,100521,0.8307,90.5,1.221,0.1205,0.0137,2313
2021-06-04T00:00:00.000+0000,3.1,118036,0.826,90.14,1.2133,0.1194,0.0137,2411
2021-06-07T00:00:00.000+0000,3.07,138844,0.8281,89.95,1.2168,0.1204,0.0137,2411
2021-06-08T00:00:00.000+0000,3.13,208576,0.8274,90.08,1.2194,0.121,0.0137,2411
2021-06-09T00:00:00.000+0000,3.13,131717,0.8257,90.12,1.2173,0.121,0.0138,2411
2021-06-10T00:00:00.000+0000,3.15,151565,0.8255,90.08,1.2182,0.1209,0.0138,2411
2021-06-11T00:00:00.000+0000,3.3,194488,0.8269,90.56,1.2173,0.1209,0.0139,2427
2021-06-14T00:00:00.000+0000,3.35,113120,0.8225,90.52,1.211,0.1198,0.0139,2427
2021-06-15T00:00:00.000+0000,3.24,154414,0.8237,90.54,1.2122,0.1203,0.0139,2427
2021-06-16T00:00:00.000+0000,3.25,111287,0.8206,91.13,1.2127,0.1203,0.0138,2427
2021-06-17T00:00:00.000+0000,3.25,150052,0.8145,91.89,1.1996,0.118,0.0138,2427
2021-06-18T00:00:00.000+0000,3.21,104935,0.81,92.23,1.1913,0.1171,0.0138,2482
2021-06-21T00:00:00.000+0000,3.19,103038,0.8032,91.86,1.1874,0.1154,0.0137,2482
2021-06-22T00:00:00.000+0000,3.26,77088,0.8084,91.73,1.1913,0.1166,0.0137,2482
2021-06-23T00:00:00.000+0000,3.33,75394,0.8123,91.8,1.1937,0.1171,0.0137,2482
2021-06-24T00:00:00.000+0000,3.42,49402,0.8128,91.82,1.1933,0.1172,0.0138,2482
2021-06-25T00:00:00.000+0000,3.5,39078,0.8115,91.81,1.193,0.1176,0.0138,2558
2021-06-28T00:00:00.000+0000,3.62,163568,0.8135,91.88,1.1942,0.1178,0.0138,2558
2021-06-29T00:00:00.000+0000,3.63,205478,0.8108,92.05,1.1929,0.1174,0.0138,2558
2021-06-30T00:00:00.000+0000,3.65,187005,0.8067,92.44,1.1902,0.1169,0.0138,2558
2021-07-01T00:00:00.000+0000,3.66,149422,0.8069,92.6,1.1857,0.1162,0.0137,2558
2021-07-02T00:00:00.000+0000,3.7,111464,0.8038,92.23,1.1846,0.1159,0.0136,2574
2021-07-06T00:00:00.000+0000,3.64,152231,0.8104,92.55,1.1864,0.1168,0.0136,2574
2021-07-07T00:00:00.000+0000,3.6,124615,0.8027,92.64,1.1825,0.1149,0.0134,2574
2021-07-08T00:00:00.000+0000,3.69,148554,0.8012,92.36,1.1793,0.1145,0.0134,2574
2021-07-09T00:00:00.000+0000,3.67,115679,0.7982,92.13,1.1848,0.1139,0.0134,2629
2021-07-12T00:00:00.000+0000,3.75,127071,0.8034,92.23,1.1873,0.1152,0.0135,2629
2021-07-13T00:00:00.000+0000,3.7,104041,0.8029,92.75,1.1865,0.1152,0.0134,2629
2021-07-14T00:00:00.000+0000,3.66,137354,0.7987,92.41,1.1775,0.114,0.0135,2629
2021-07-15T00:00:00.000+0000,3.61,117594,0.799,92.62,1.1833,0.1145,0.0135,2629
2021-07-16T00:00:00.000+0000,3.67,89982,0.7943,92.69,1.1812,0.1133,0.0134,2678
2021-07-19T00:00:00.000+0000,3.78,124163,0.7926,92.89,1.1814,0.113,0.0135,2678
2021-07-20T00:00:00.000+0000,3.88,118404,0.7846,92.97,1.1794,0.1117,0.0134,2678
2021-07-21T00:00:00.000+0000,3.96,111932,0.7889,92.75,1.1784,0.1111,0.0135,2678
2021-07-22T00:00:00.000+0000,4,102159,0.7956,92.82,1.1793,0.1126,0.0135,2678
2021-07-23T00:00:00.000+0000,4.06,73870,0.7959,92.91,1.1773,0.113,0.0136,2714
2021-07-26T00:00:00.000+0000,4.1,49424,0.7957,92.65,1.1773,0.113,0.0136,2714
2021-07-27T00:00:00.000+0000,3.97,46964,0.7974,92.43,1.1808,0.1134,0.0136,2714
2021-07-28T00:00:00.000+0000,4.04,134730,0.7942,92.32,1.1823,0.1127,0.0136,2714
2021-07-29T00:00:00.000+0000,4.06,118446,0.7987,91.86,1.1846,0.1137,0.0136,2714
2021-07-30T00:00:00.000+0000,3.91,161866,0.8033,92.17,1.1893,0.1146,0.0137,2727
2021-08-02T00:00:00.000+0000,3.93,110953,0.8021,92.05,1.1867,0.1133,0.0137,2727
2021-08-03T00:00:00.000+0000,4.03,120858,0.7999,92.08,1.1875,0.1133,0.0137,2727
2021-08-04T00:00:00.000+0000,4.16,142586,0.7979,92.27,1.1869,0.1135,0.0137,2727
2021-08-05T00:00:00.000+0000,4.14,125228,0.7971,92.24,1.1837,0.1131,0.0137,2727
2021-08-06T00:00:00.000+0000,4.14,153153,0.7999,92.8,1.1836,0.1135,0.0137,2776
2021-08-09T00:00:00.000+0000,4.06,179998,0.7955,92.95,1.175,0.1121,0.0136,2776
2021-08-10T00:00:00.000+0000,4.09,157513,0.7953,93.06,1.1738,0.1118,0.0136,2776
2021-08-11T00:00:00.000+0000,4.06,161899,0.7988,92.91,1.1723,0.112,0.0135,2776
2021-08-12T00:00:00.000+0000,3.93,186993,0.7996,93.04,1.1742,0.113,0.0136,2776
2021-08-13T00:00:00.000+0000,3.86,123011,0.7987,92.52,1.1736,0.113,0.0136,2822
2021-08-16T00:00:00.000+0000,3.95,101673,0.799,92.63,1.1795,0.1136,0.0137,2822
2021-08-17T00:00:00.000+0000,3.84,131222,0.7956,93.13,1.178,0.1133,0.0136,2822
2021-08-18T00:00:00.000+0000,3.85,95512,0.792,93.14,1.171,0.1122,0.0136,2822
2021-08-19T00:00:00.000+0000,3.83,121756,0.7897,93.57,1.1703,0.1122,0.0135,2822
2021-08-20T00:00:00.000+0000,3.85,108518,0.7793,93.5,1.1677,0.1106,0.0135,2851
2021-08-23T00:00:00.000+0000,3.94,85497,0.7797,92.96,1.1698,0.1108,0.0135,2851
2021-08-24T00:00:00.000+0000,3.9,57633,0.7905,92.89,1.1745,0.1122,0.0135,2851
2021-08-25T00:00:00.000+0000,3.9,39372,0.7939,92.83,1.1753,0.1132,0.0136,2851
2021-08-26T00:00:00.000+0000,4.18,76860,0.7944,93.06,1.1774,0.1135,0.0136,2851
2021-08-27T00:00:00.000+0000,4.37,210959,0.7883,92.69,1.1756,0.1133,0.0135,2871
2021-08-30T00:00:00.000+0000,4.3,167098,0.793,92.65,1.1799,0.1148,0.0136,2871
2021-08-31T00:00:00.000+0000,4.38,147419,0.7931,92.63,1.1797,0.1154,0.0136,2871
2021-09-01T00:00:00.000+0000,4.61,241159,0.7926,92.45,1.181,0.1151,0.0136,2871
2021-09-02T00:00:00.000+0000,4.64,176845,0.7923,92.23,1.1841,0.1151,0.0137,2871
2021-09-03T00:00:00.000+0000,4.71,110953,0.7967,92.04,1.1876,0.1157,0.0137,2923
2021-09-07T00:00:00.000+0000,4.57,163663,0.7978,92.52,1.1875,0.1155,0.0137,2923
2021-09-08T00:00:00.000+0000,4.91,244742,0.7907,92.65,1.1844,0.1152,0.0136,2923
2021-09-09T00:00:00.000+0000,5.03,234848,0.7878,92.48,1.1819,0.1149,0.0137,2923
2021-09-10T00:00:00.000+0000,4.94,151036,0.7897,92.58,1.1826,0.1153,0.0137,3006
2021-09-13T00:00:00.000+0000,5.23,201770,0.7887,92.62,1.1812,0.1155,0.0137,3006
2021-09-14T00:00:00.000+0000,5.26,200943,0.7906,92.65,1.1812,0.1157,0.0138,3006
2021-09-15T00:00:00.000+0000,5.46,279117,0.788,92.49,1.1805,0.1157,0.0137,3006
2021-09-16T00:00:00.000+0000,5.34,221139,0.7925,92.86,1.182,0.1168,0.0138,3006
2021-09-17T00:00:00.000+0000,5.11,164579,0.7886,93.2,1.1767,0.1159,0.0138,3082
2021-09-20T00:00:00.000+0000,4.99,156870,0.7835,93.24,1.173,0.115,0.0137,3082
2021-09-21T00:00:00.000+0000,4.8,163097,0.7811,93.2,1.173,0.1148,0.0136,3082
2021-09-22T00:00:00.000+0000,4.8,108777,0.78,93.46,1.1723,0.1152,0.0137,3082
2021-09-23T00:00:00.000+0000,4.98,105201,0.7821,93.1,1.1688,0.1155,0.0137,3082
2021-09-24T00:00:00.000+0000,5.14,47436,0.7898,93.33,1.174,0.1167,0.0138,3170
2021-09-27T00:00:00.000+0000,5.71,63065,0.7906,93.38,1.1723,0.1168,0.0138,3170
2021-09-28T00:00:00.000+0000,5.84,338968,0.792,93.77,1.1697,0.1163,0.0138,3170
2021-09-29T00:00:00.000+0000,5.48,226344,0.7888,94.34,1.1686,0.1155,0.0137,3170
2021-09-30T00:00:00.000+0000,5.87,243240,0.7841,94.25,1.1602,0.1141,0.0137,3170
2021-10-01T00:00:00.000+0000,5.62,178941,0.7884,94.04,1.1574,0.1143,0.0138,3288
2021-10-04T00:00:00.000+0000,5.77,209582,0.7921,93.81,1.1607,0.1161,0.0137,3288
2021-10-05T00:00:00.000+0000,6.31,219522,0.7943,93.98,1.1618,0.1167,0.0138,3288
2021-10-06T00:00:00.000+0000,5.68,274653,0.7947,94.27,1.1596,0.1172,0.0138,3288
2021-10-07T00:00:00.000+0000,5.68,239503,0.7945,94.22,1.1555,0.1166,0.0138,3288
2021-10-08T00:00:00.000+0000,5.57,163349,0.797,94.07,1.156,0.1167,0.0139,3369
2021-10-11T00:00:00.000+0000,5.34,188699,0.801,94.32,1.1566,0.117,0.0139,3369
2021-10-12T00:00:00.000+0000,5.51,215447,0.8013,94.52,1.1554,0.1165,0.0139,3369
2021-10-13T00:00:00.000+0000,5.59,198786,0.8015,94.08,1.1534,0.1169,0.0139,3369
2021-10-14T00:00:00.000+0000,5.69,169162,0.8041,93.96,1.16,0.1178,0.0139,3369
2021-10-15T00:00:00.000+0000,5.41,184583,0.8081,93.94,1.1592,0.1183,0.014,3461
2021-10-18T00:00:00.000+0000,4.99,167896,0.8082,93.95,1.1597,0.1186,0.0141,3461
2021-10-19T00:00:00.000+0000,5.09,152725,0.8083,93.79,1.1614,0.1189,0.014,3461
2021-10-20T00:00:00.000+0000,5.17,140026,0.8095,93.56,1.1632,0.1198,0.0141,3461
2021-10-21T00:00:00.000+0000,5.11,107707,0.8114,93.77,1.1655,0.1203,0.0141,3461
2021-10-22T00:00:00.000+0000,5.28,74365,0.8084,93.61,1.1625,0.1196,0.0141,3548
2021-10-25T00:00:00.000+0000,5.9,50883,0.8083,93.81,1.164,0.1197,0.0142,3548
2021-10-26T00:00:00.000+0000,5.88,50705,0.8078,93.95,1.1612,0.1198,0.0143,3548
2021-10-27T00:00:00.000+0000,6.2,187421,0.807,93.86,1.1598,0.1196,0.0144,3548
2021-10-28T00:00:00.000+0000,5.78,165632,0.8084,93.35,1.16,0.1188,0.0142,3548
2021-10-29T00:00:00.000+0000,5.43,154410,0.81,94.12,1.1684,0.1201,0.0143,3611
2021-11-01T00:00:00.000+0000,5.19,163258,0.8076,93.88,1.1557,0.1183,0.0141,3611
2021-11-02T00:00:00.000+0000,5.54,153757,0.8082,94.09,1.16,0.1188,0.014,3611
2021-11-03T00:00:00.000+0000,5.67,141498,0.8059,93.86,1.1579,0.1173,0.014,3611
2021-11-04T00:00:00.000+0000,5.72,147035,0.8079,94.35,1.1616,0.1178,0.0139,3611
2021-11-05T00:00:00.000+0000,5.52,133344,0.8031,94.32,1.1555,0.117,0.014,3618
2021-11-08T00:00:00.000+0000,5.43,154221,0.8032,94.05,1.1569,0.117,0.014,3618
2021-11-09T00:00:00.000+0000,4.98,202741,0.8037,93.96,1.1592,0.1177,0.014,3618
2021-11-10T00:00:00.000+0000,4.88,170388,0.8041,94.85,1.1596,0.1176,0.0141,3618
2021-11-11T00:00:00.000+0000,5.15,135953,0.8009,95.18,1.1486,0.1158,0.014,3618
2021-11-12T00:00:00.000+0000,4.79,137099,0.7944,95.13,1.1451,0.1152,0.014,3644
2021-11-15T00:00:00.000+0000,5.02,117666,0.7971,95.41,1.1442,0.1151,0.0137,3644
2021-11-16T00:00:00.000+0000,5.18,141140,0.7991,95.92,1.1366,0.1147,0.0138,3644
2021-11-17T00:00:00.000+0000,4.82,145607,0.7958,95.83,1.1321,0.1143,0.0137,3644
2021-11-18T00:00:00.000+0000,4.9,111027,0.7929,95.54,1.1321,0.1145,0.0138,3644
2021-11-19T00:00:00.000+0000,5.07,110058,0.7934,96.07,1.1368,0.1135,0.0137,3623
2021-11-22T00:00:00.000+0000,4.79,96186,0.7903,96.5,1.1276,0.112,0.0136,3623
2021-11-23T00:00:00.000+0000,4.97,47431,0.7873,96.49,1.1242,0.112,0.0133,3623
2021-11-24T00:00:00.000+0000,5.07,40864,0.7889,96.84,1.1245,0.1124,0.0135,3623
2021-11-26T00:00:00.000+0000,5.45,141778,0.7897,96.09,1.121,0.1114,0.0134,3564
2021-11-29T00:00:00.000+0000,4.85,172471,0.7859,96.34,1.1293,0.1104,0.0132,3564
2021-11-30T00:00:00.000+0000,4.57,171822,0.7851,95.99,1.1293,0.111,0.0134,3564
2021-12-01T00:00:00.000+0000,4.26,171938,0.7828,96.05,1.133,0.1105,0.0135,3564
2021-12-02T00:00:00.000+0000,4.06,145506,0.7806,96.13,1.132,0.1099,0.0135,3564
2021-12-03T00:00:00.000+0000,4.13,124765,0.7802,96.12,1.1306,0.11,0.0136,3505
2021-12-06T00:00:00.000+0000,3.66,176715,0.7802,96.29,1.1305,0.1092,0.0135,3505
2021-12-07T00:00:00.000+0000,3.71,162973,0.7836,96.37,1.1287,0.11,0.0135,3505
2021-12-08T00:00:00.000+0000,3.82,146872,0.7908,95.89,1.1277,0.111,0.0135,3505
2021-12-09T00:00:00.000+0000,3.81,141107,0.7904,96.27,1.1346,0.1127,0.0136,3505
2021-12-10T00:00:00.000+0000,3.92,133283,0.7869,96.05,1.1293,0.1112,0.0136,3417
2021-12-13T00:00:00.000+0000,3.79,162586,0.7862,96.32,1.1312,0.1118,0.0136,3417
2021-12-14T00:00:00.000+0000,3.75,116826,0.7808,96.57,1.1285,0.1105,0.0136,3417
2021-12-15T00:00:00.000+0000,3.8,110311,0.7772,96.51,1.1261,0.1099,0.0136,3417
2021-12-16T00:00:00.000+0000,3.77,122851,0.779,96.04,1.1291,0.1112,0.0136,3417
2021-12-17T00:00:00.000+0000,3.69,101625,0.7825,96.57,1.1334,0.1113,0.0136,3362
2021-12-20T00:00:00.000+0000,3.83,128582,0.7753,96.55,1.1244,0.1106,0.0135,3362
2021-12-21T00:00:00.000+0000,3.87,128438,0.773,96.49,1.1278,0.1105,0.0135,3362
2021-12-22T00:00:00.000+0000,3.98,86619,0.7738,96.08,1.1288,0.1119,0.0135,3362
2021-12-23T00:00:00.000+0000,3.73,82233,0.7781,96.02,1.1329,0.1128,0.0136,3362
2021-12-27T00:00:00.000+0000,4.06,38911,0.7804,96.09,1.1324,0.125,0.0136,3226
2021-12-28T00:00:00.000+0000,4.05,35643,0.782,96.2,1.133,0.1133,0.0136,3226
2021-12-29T00:00:00.000+0000,4.02,141906,0.7805,95.93,1.1315,0.1137,0.0136,3226
2021-12-30T00:00:00.000+0000,3.56,124667,0.7823,95.97,1.136,0.114,0.0135,3226
2021-12-31T00:00:00.000+0000,3.73,93098,0.7847,95.67,1.1325,0.1136,0.0134,3195
2022-01-03T00:00:00.000+0000,3.82,99069,0.79,96.24,1.1373,0.1137,0.0133,3195
2022-01-04T00:00:00.000+0000,3.72,133394,0.7842,96.29,1.1302,0.1128,0.0134,3195
2022-01-05T00:00:00.000+0000,3.88,96811,0.7871,96.19,1.1284,0.113,0.0133,3195
2022-01-06T00:00:00.000+0000,3.81,116579,0.7837,96.25,1.1313,0.113,0.013,3195
2022-01-07T00:00:00.000+0000,3.92,127012,0.7855,95.74,1.1297,0.1125,0.0131,3016
2022-01-10T00:00:00.000+0000,4.08,177628,0.7907,95.99,1.1354,0.1132,0.0133,3016
2022-01-11T00:00:00.000+0000,4.25,121623,0.7896,95.62,1.133,0.113,0.0134,3016
2022-01-12T00:00:00.000+0000,4.86,217499,0.7951,95,1.1366,0.1141,0.0134,3016
2022-01-13T00:00:00.000+0000,4.27,221612,0.7999,94.79,1.1442,0.1156,0.0134,3016
2022-01-14T00:00:00.000+0000,4.26,108856,0.7995,95.17,1.1457,0.1149,0.0131,2810
2022-01-18T00:00:00.000+0000,4.28,119454,0.799,95.73,1.1411,0.1148,0.0131,2810
2022-01-19T00:00:00.000+0000,4.03,116542,0.8002,95.51,1.133,0.1136,0.013,2810
2022-01-20T00:00:00.000+0000,3.8,104199,0.7993,95.74,1.1343,0.1139,0.0131,2810
2022-01-21T00:00:00.000+0000,4,70256,0.8,95.64,1.1314,0.1132,0.0131,2591
2022-01-24T00:00:00.000+0000,4.03,47100,0.7961,95.92,1.1341,0.1124,0.0129,2591
2022-01-25T00:00:00.000+0000,4.05,23443,0.792,95.95,1.1324,0.1116,0.0127,2591
2022-01-26T00:00:00.000+0000,4.28,44321,0.7927,96.49,1.1305,0.1122,0.0127,2591
2022-01-27T00:00:00.000+0000,6.26,193252,0.79,97.26,1.1244,0.1119,0.0126,2591
2022-01-28T00:00:00.000+0000,4.64,263418,0.7846,97.27,1.1147,0.1119,0.0128,2323
2022-01-31T00:00:00.000+0000,4.87,156746,0.7838,96.54,1.1152,0.1112,0.0129,2323
2022-02-01T00:00:00.000+0000,4.75,140785,0.7863,96.39,1.123,0.1123,0.0129,2323
2022-02-02T00:00:00.000+0000,5.5,305898,0.788,95.94,1.1274,0.1133,0.013,2323
2022-02-03T00:00:00.000+0000,4.89,205841,0.7882,95.38,1.13,0.1134,0.0131,2323
2022-02-04T00:00:00.000+0000,4.57,152119,0.7887,95.48,1.1436,0.1147,0.0131,2101
2022-02-07T00:00:00.000+0000,4.23,192859,0.7846,95.4,1.1455,0.1139,0.0132,2101
2022-02-08T00:00:00.000+0000,4.25,154444,0.7895,95.64,1.1443,0.114,0.0133,2101
2022-02-09T00:00:00.000+0000,4.01,154599,0.7871,95.49,1.1421,0.1134,0.0133,2101
2022-02-10T00:00:00.000+0000,3.96,141740,0.7889,95.55,1.1422,0.1135,0.0134,2101
2022-02-11T00:00:00.000+0000,3.94,177373,0.7854,96.08,1.1416,0.1133,0.0133,1911
2022-02-14T00:00:00.000+0000,4.2,121204,0.7859,96.37,1.1365,0.1129,0.0129,1911
2022-02-15T00:00:00.000+0000,4.31,141954,0.7856,95.99,1.1306,0.1126,0.0131,1911
2022-02-16T00:00:00.000+0000,4.72,155480,0.7859,95.7,1.1357,0.1124,0.0132,1911
2022-02-17T00:00:00.000+0000,4.49,117789,0.7877,95.8,1.1375,0.1124,0.0133,1911
2022-02-18T00:00:00.000+0000,4.43,73219,0.7871,96.04,1.1366,0.1122,0.0131,1782
2022-02-22T00:00:00.000+0000,4.5,42641,0.7839,96.03,1.131,0.1111,0.0124,1782
2022-02-23T00:00:00.000+0000,4.62,47180,0.7833,96.19,1.1329,0.1125,0.0127,1782
2022-02-24T00:00:00.000+0000,4.57,184107,0.7853,97.14,1.1306,0.1125,0.0123,1782
2022-02-25T00:00:00.000+0000,4.47,114859,0.7807,96.62,1.1191,0.1116,0.0118,1643
2022-02-28T00:00:00.000+0000,4.4,107186,0.784,96.71,1.1181,0.112,0.012,1643
2022-03-01T00:00:00.000+0000,4.57,112546,0.7895,97.41,1.1216,0.1136,0.0095,1643
2022-03-02T00:00:00.000+0000,4.76,141694,0.7859,97.39,1.1133,0.1127,0.0092,1643
2022-03-03T00:00:00.000+0000,4.72,137151,0.7908,97.79,1.1112,0.113,0.0097,1643
2022-03-04T00:00:00.000+0000,5.02,125385,0.7892,98.65,1.1067,0.1123,0.0091,1519
2022-03-07T00:00:00.000+0000,4.83,130864,0.7865,99.29,1.0875,0.1115,0.0092,1519
2022-03-08T00:00:00.000+0000,4.53,159168,0.7812,99.06,1.0865,0.1106,0.0072,1519
2022-03-09T00:00:00.000+0000,4.53,95126,0.7759,97.97,1.0898,0.1114,0.0077,1519
2022-03-10T00:00:00.000+0000,4.63,81807,0.7813,98.51,1.1074,0.1123,0.0072,1519
2022-03-11T00:00:00.000+0000,4.72,84506,0.784,99.12,1.1014,0.112,0.0075,1440
2022-03-14T00:00:00.000+0000,4.66,73961,0.7852,99.06,1.0932,0.1112,0.0076,1440
2022-03-15T00:00:00.000+0000,4.57,86943,0.78,99.07,1.0943,0.1107,0.0083,1440
2022-03-16T00:00:00.000+0000,4.75,80521,0.7832,98.38,1.0969,0.1112,0.0092,1440
2022-03-17T00:00:00.000+0000,4.99,93844,0.7882,98.01,1.1022,0.1124,0.0099,1440
2022-03-18T00:00:00.000+0000,4.86,67268,0.7917,98.23,1.11,0.1139,0.0097,1389
2022-03-21T00:00:00.000+0000,4.9,75457,0.7933,98.5,1.1043,0.1143,0.0076,1389
2022-03-22T00:00:00.000+0000,5.19,122753,0.7944,98.49,1.1017,0.1145,0.0094,1389
2022-03-23T00:00:00.000+0000,5.23,74535,0.7947,98.62,1.103,0.1142,0.0094,1389
2022-03-24T00:00:00.000+0000,5.4,84230,0.7962,98.79,1.1006,0.1153,0.0103,1389
2022-03-25T00:00:00.000+0000,5.57,29472,0.7987,98.81,1.101,0.1155,0.0098,1415
2022-03-28T00:00:00.000+0000,5.51,33907,0.8008,99.09,1.0982,0.116,0.0099,1415
2022-03-29T00:00:00.000+0000,5.34,111300,0.7988,98.4,1.0994,0.1149,0.0102,1415
2022-03-30T00:00:00.000+0000,5.61,117845,0.8001,97.79,1.1092,0.1154,0.0114,1415
2022-03-31T00:00:00.000+0000,5.64,159717,0.8011,98.31,1.1162,0.1168,0.012,1415
2022-04-01T00:00:00.000+0000,5.72,178521,0.8001,98.63,1.1072,0.1139,0.0122,1382
2022-04-04T00:00:00.000+0000,5.71,137180,0.7983,98.99,1.1047,0.1142,0.0119,1382
2022-04-05T00:00:00.000+0000,6.03,158216,0.8009,99.47,1.0976,0.1148,0.0119,1382
2022-04-06T00:00:00.000+0000,6.03,166720,0.801,99.6,1.0906,0.1141,0.0119,1382
2022-04-07T00:00:00.000+0000,6.36,199510,0.7959,99.75,1.0898,0.1136,0.0122,1382
2022-04-08T00:00:00.000+0000,6.28,188342,0.7945,99.8,1.0865,0.1135,0.0126,1397
2022-04-11T00:00:00.000+0000,6.64,177957,0.7952,99.93,1.0885,0.1149,0.0118,1397
2022-04-12T00:00:00.000+0000,6.68,234248,0.7911,100.29,1.0878,0.1135,0.012,1397
2022-04-13T00:00:00.000+0000,7,210551,0.7915,99.88,1.0826,0.1141,0.0117,1397
2022-04-14T00:00:00.000+0000,7.3,214218,0.7958,100.32,1.0897,0.1144,0.0121,1397
2022-04-18T00:00:00.000+0000,7.82,191084,0.7927,100.78,1.0815,0.1136,0.0124,1450
2022-04-19T00:00:00.000+0000,7.18,236995,0.7936,100.96,1.0782,0.1132,0.0123,1450
2022-04-20T00:00:00.000+0000,6.94,157958,0.7934,100.39,1.0794,0.1133,0.0124,1450
2022-04-21T00:00:00.000+0000,6.96,145263,0.8009,100.58,1.085,0.1136,0.0121,1450
2022-04-22T00:00:00.000+0000,6.53,80599,0.7943,101.22,1.0835,0.1125,0.0124,1490
2022-04-25T00:00:00.000+0000,6.67,32516,0.7861,101.75,1.0811,0.1118,0.0129,1490
2022-04-26T00:00:00.000+0000,6.85,41407,0.7852,102.3,1.0714,0.1097,0.0132,1490
2022-04-27T00:00:00.000+0000,7.27,155327,0.7809,102.95,1.0644,0.1083,0.0135,1490
2022-04-28T00:00:00.000+0000,6.89,139569,0.7804,103.62,1.0555,0.1073,0.0135,1490
2022-04-29T00:00:00.000+0000,7.24,109239,0.781,102.96,1.0504,0.1063,0.0138,1567
2022-05-02T00:00:00.000+0000,7.47,110917,0.778,103.74,1.0536,0.1065,0.0136,1567
2022-05-03T00:00:00.000+0000,7.95,153339,0.7768,103.47,1.0509,0.1061,0.0142,1567
2022-05-04T00:00:00.000+0000,8.41,132317,0.7792,102.59,1.0529,0.1065,0.0149,1567
2022-05-05T00:00:00.000+0000,8.78,160163,0.7851,103.75,1.0622,0.1084,0.0149,1567
2022-05-06T00:00:00.000+0000,8.04,168297,0.7796,103.66,1.054,0.1055,0.0154,1643
2022-05-09T00:00:00.000+0000,7.03,202616,0.7741,103.65,1.0532,0.105,0.0145,1643
2022-05-10T00:00:00.000+0000,7.39,185464,0.7687,103.92,1.0566,0.1036,0.0143,1643
2022-05-11T00:00:00.000+0000,7.64,120930,0.7674,103.85,1.0533,0.1028,0.0143,1643
2022-05-12T00:00:00.000+0000,7.74,107056,0.7696,104.85,1.0512,0.1026,0.015,1643
2022-05-13T00:00:00.000+0000,7.66,85042,0.7679,104.56,1.038,0.1014,0.0154,1732
2022-05-16T00:00:00.000+0000,7.96,93521,0.7748,104.19,1.0401,0.1024,0.015,1732
2022-05-17T00:00:00.000+0000,8.3,76666,0.7782,103.36,1.0439,0.1024,0.0155,1732
2022-05-18T00:00:00.000+0000,8.37,80717,0.7808,103.81,1.0548,0.1036,0.0154,1732
2022-05-19T00:00:00.000+0000,8.31,90577,0.7761,102.72,1.0473,0.1012,0.0156,1732
2022-05-20T00:00:00.000+0000,8.08,85458,0.7801,103.15,1.0579,0.1032,0.0161,1819
2022-05-23T00:00:00.000+0000,8.74,65546,0.7805,102.08,1.057,0.1028,0.016,1819
2022-05-24T00:00:00.000+0000,8.8,31660,0.782,101.86,1.0682,0.1041,0.0171,1819
2022-05-25T00:00:00.000+0000,8.97,37393,0.7799,102.06,1.0737,0.1046,0.0175,1819
2022-05-26T00:00:00.000+0000,8.91,163265,0.78,101.83,1.0687,0.1045,0.0166,1819
2022-05-27T00:00:00.000+0000,8.73,107093,0.7829,101.67,1.0733,0.1051,0.0156,1901
2022-05-31T00:00:00.000+0000,8.15,125484,0.7902,101.75,1.0774,0.1063,0.0155,1901
2022-06-01T00:00:00.000+0000,8.7,111962,0.7912,102.55,1.0734,0.1069,0.0159,1901
2022-06-02T00:00:00.000+0000,8.48,119011,0.7896,101.77,1.0654,0.1055,0.0158,1901
2022-06-03T00:00:00.000+0000,8.52,75228,0.7956,102.14,1.0751,0.1068,0.0158,2003
2022-06-06T00:00:00.000+0000,9.32,129103,0.7946,102.44,1.0726,0.1061,0.0158,2003
2022-06-07T00:00:00.000+0000,9.29,140029,0.7949,102.32,1.0691,0.1061,0.0163,2003
2022-06-08T00:00:00.000+0000,8.7,250296,0.7977,102.54,1.0699,0.1057,0.016,2003
2022-06-09T00:00:00.000+0000,8.96,244480,0.7967,103.22,1.0718,0.1055,0.0167,2003
2022-06-10T00:00:00.000+0000,8.85,134611,0.7872,104.15,1.0619,0.1044,0.0173,2095
2022-06-13T00:00:00.000+0000,8.61,167556,0.7814,105.08,1.049,0.1023,0.009,2095
2022-06-14T00:00:00.000+0000,7.19,273717,0.7758,105.52,1.0415,0.101,0.0173,2095
2022-06-15T00:00:00.000+0000,7.42,123589,0.7725,105.16,1.0441,0.1001,0.0171,2095
2022-06-16T00:00:00.000+0000,7.46,137433,0.7768,103.63,1.0456,0.1008,0.0175,2095
2022-06-17T00:00:00.000+0000,6.94,103759,0.772,104.7,1.0547,0.1004,0.0174,2169
2022-06-21T00:00:00.000+0000,6.81,120010,0.7703,104.44,1.0521,0.1012,0.0183,2169
2022-06-22T00:00:00.000+0000,6.86,92473,0.7733,104.2,1.0533,0.1016,0.0186,2169
2022-06-23T00:00:00.000+0000,6.24,78031,0.7714,104.43,1.0564,0.1009,0.0182,2169
2022-06-24T00:00:00.000+0000,6.22,26571,0.77,104.19,1.052,0.1003,0.0184,2251
2022-06-27T00:00:00.000+0000,6.5,33103,0.7754,103.94,1.0566,0.1016,0.0187,2251
2022-06-28T00:00:00.000+0000,6.55,90792,0.7771,104.51,1.0581,0.1021,0.0188,2251
2022-06-29T00:00:00.000+0000,6.5,82205,0.7768,105.11,1.0524,0.1019,0.0186,2251
2022-06-30T00:00:00.000+0000,5.42,182579,0.7762,104.69,1.0447,0.1012,0.0191,2251
2022-07-01T00:00:00.000+0000,5.73,106967,0.7768,105.14,1.0478,0.1016,0.0182,2311
2022-07-05T00:00:00.000+0000,5.52,110174,0.7778,106.5,1.0433,0.1019,0.0183,2311
2022-07-06T00:00:00.000+0000,5.51,73506,0.7672,107.1,1.0258,0.0994,0.0158,2311
2022-07-07T00:00:00.000+0000,6.3,127670,0.7672,107.13,1.0186,0.0987,0.0157,2311
2022-07-08T00:00:00.000+0000,6.03,107326,0.7712,107.01,1.017,0.0993,0.0159,2369
2022-07-11T00:00:00.000+0000,6.43,109392,0.7724,108.02,1.0166,0.0996,0.0154,2369
2022-07-12T00:00:00.000+0000,6.16,132046,0.7695,108.07,1.0048,0.0981,0.0164,2369
2022-07-13T00:00:00.000+0000,6.69,116805,0.7674,107.96,1.0033,0.0975,0.0171,2369
2022-07-14T00:00:00.000+0000,6.6,121044,0.7692,108.54,1.0033,0.0978,0.0171,2369
2022-07-15T00:00:00.000+0000,7.02,105875,0.7629,108.06,1.0026,0.0978,0.0172,2401
2022-07-18T00:00:00.000+0000,7.48,91133,0.7687,107.37,1.0096,0.0983,0.009,2401
2022-07-19T00:00:00.000+0000,7.26,96160,0.7703,106.68,1.0145,0.0992,0.0173,2401
2022-07-20T00:00:00.000+0000,8.01,120860,0.7769,107.08,1.0231,0.101,0.0177,2401
2022-07-21T00:00:00.000+0000,7.93,96422,0.7762,106.91,1.0183,0.1003,0.0182,2401
2022-07-22T00:00:00.000+0000,8.3,52813,0.7765,106.73,1.0221,0.1006,0.0173,2416
2022-07-25T00:00:00.000+0000,8.73,33164,0.7737,106.48,1.02,0.1009,0.0172,2416
2022-07-26T00:00:00.000+0000,8.99,38204,0.7782,107.19,1.0225,0.1017,0.0171,2416
2022-07-27T00:00:00.000+0000,8.69,105217,0.7768,106.45,1.013,0.1011,0.0166,2416
2022-07-28T00:00:00.000+0000,8.13,89237,0.7802,106.35,1.0209,0.1028,0.0169,2416
2022-07-29T00:00:00.000+0000,8.23,77774,0.7808,105.9,1.0192,0.1028,0.016,2457
2022-08-01T00:00:00.000+0000,8.28,104021,0.7803,105.45,1.0208,0.1032,0.0161,2457
2022-08-02T00:00:00.000+0000,7.71,106080,0.7786,106.24,1.0261,0.1038,0.0166,2457
2022-08-03T00:00:00.000+0000,8.27,134210,0.7759,106.51,1.0156,0.1022,0.0165,2457
2022-08-04T00:00:00.000+0000,8.12,102540,0.778,105.69,1.0158,0.1029,0.016,2457
2022-08-05T00:00:00.000+0000,8.06,111704,0.777,106.62,1.0248,0.1029,0.0163,2501
2022-08-08T00:00:00.000+0000,7.59,117789,0.7725,106.44,1.0171,0.1017,0.0165,2501
2022-08-09T00:00:00.000+0000,7.83,88511,0.7778,106.37,1.0198,0.1029,0.0162,2501
2022-08-10T00:00:00.000+0000,8.2,111811,0.776,105.2,1.0208,0.1028,0.0165,2501
2022-08-11T00:00:00.000+0000,8.87,141751,0.7828,105.09,1.0301,0.1051,0.0163,2501
2022-08-12T00:00:00.000+0000,8.77,68126,0.7835,105.63,1.0317,0.105,0.0165,2519
2022-08-15T00:00:00.000+0000,8.73,80221,0.7825,106.55,1.0256,0.1043,0.0161,2519
2022-08-16T00:00:00.000+0000,9.33,104087,0.775,106.5,1.0162,0.1031,0.0165,2519
2022-08-17T00:00:00.000+0000,9.24,88675,0.7785,106.57,1.0171,0.1035,0.0163,2519
2022-08-18T00:00:00.000+0000,9.19,112102,0.7741,107.48,1.018,0.103,0.0165,2519
2022-08-19T00:00:00.000+0000,9.34,69809,0.7724,108.17,1.009,0.1028,0.0167,2579
2022-08-22T00:00:00.000+0000,9.68,92412,0.7692,109.05,1.0035,0.1019,0.0168,2579
2022-08-23T00:00:00.000+0000,9.19,118634,0.7664,108.62,0.9939,0.1018,0.0166,2579
2022-08-24T00:00:00.000+0000,9.33,50496,0.7717,108.68,0.9967,0.1031,0.0166,2579
2022-08-25T00:00:00.000+0000,9.38,25827,0.771,108.47,0.9969,0.1031,0.0167,2579
2022-08-26T00:00:00.000+0000,9.3,33977,0.7729,108.8,0.9971,0.1035,0.0166,2640
2022-08-29T00:00:00.000+0000,9.35,89284,0.7656,108.84,0.9939,0.1021,0.0166,2640
2022-08-30T00:00:00.000+0000,9.04,76599,0.7692,108.77,1.0014,0.1027,0.0162,2640
2022-08-31T00:00:00.000+0000,9.13,86294,0.764,108.7,1.0025,0.102,0.0167,2640
2022-09-01T00:00:00.000+0000,9.26,94244,0.761,109.69,1.0039,0.1005,0.0166,2640
2022-09-02T00:00:00.000+0000,8.79,103166,0.7607,109.53,0.9952,0.0996,0.0166,2694
2022-09-06T00:00:00.000+0000,8.15,149360,0.7617,110.21,0.9952,0.1006,0.0164,2694
2022-09-07T00:00:00.000+0000,7.84,127189,0.7602,109.84,0.9898,0.0997,0.0163,2694
2022-09-08T00:00:00.000+0000,7.91,105989,0.7616,109.71,0.9996,0.0999,0.0156,2694
2022-09-09T00:00:00.000+0000,8,90496,0.7645,109,1.0012,0.0997,0.0163,2771
2022-09-12T00:00:00.000+0000,8.25,106172,0.7679,108.33,1.0071,0.1014,0.0161,2771
2022-09-13T00:00:00.000+0000,8.28,108829,0.7704,109.82,1.013,0.1017,0.0168,2771
2022-09-14T00:00:00.000+0000,9.11,137213,0.7597,109.66,0.9982,0.0991,0.0171,2771
2022-09-15T00:00:00.000+0000,8.32,127214,0.7598,109.74,0.9984,0.0991,0.0168,2771
2022-09-16T00:00:00.000+0000,7.76,96572,0.7549,109.76,0.9988,0.0982,0.0168,2874
2022-09-19T00:00:00.000+0000,7.75,87547,0.7543,109.74,1.0022,0.0982,0.0168,2874
2022-09-20T00:00:00.000+0000,7.72,80107,0.7551,110.22,1.003,0.098,0.0167,2874
2022-09-21T00:00:00.000+0000,7.78,98568,0.7483,110.64,0.9971,0.0968,0.0166,2874
2022-09-22T00:00:00.000+0000,7.09,136340,0.7419,111.35,0.9831,0.0965,0.0162,2874
2022-09-23T00:00:00.000+0000,6.83,73669,0.7423,113.19,0.9842,0.0962,0.0163,2977
2022-09-26T00:00:00.000+0000,6.9,24604,0.7363,114.1,0.969,0.0944,0.0175,2977
2022-09-27T00:00:00.000+0000,6.65,36366,0.7294,114.11,0.9624,0.0927,0.0171,2977
2022-09-28T00:00:00.000+0000,6.87,98396,0.7287,112.6,0.9596,0.0927,0.017,2977
2022-09-29T00:00:00.000+0000,6.87,85719,0.7338,112.25,0.9708,0.0935,0.0171,2977
2022-09-30T00:00:00.000+0000,6.77,97372,0.7313,112.12,0.983,0.0937,0.0174,3106
2022-10-03T00:00:00.000+0000,6.47,104483,0.7253,111.75,0.9793,0.092,0.0166,3106
2022-10-04T00:00:00.000+0000,6.84,121681,0.7338,110.07,0.9832,0.094,0.0172,3106
2022-10-05T00:00:00.000+0000,6.93,80869,0.7404,111.07,0.9984,0.0958,0.017,3106
2022-10-06T00:00:00.000+0000,6.97,109938,0.7354,112.26,0.9911,0.0954,0.0163,3106
2022-10-07T00:00:00.000+0000,6.75,124707,0.7277,112.8,0.9789,0.0933,0.0165,3231
2022-10-10T00:00:00.000+0000,6.43,114235,0.7282,113.14,0.9735,0.0934,0.0155,3231
2022-10-11T00:00:00.000+0000,6.6,106885,0.726,113.22,0.971,0.0937,0.0161,3231
2022-10-12T00:00:00.000+0000,6.43,112382,0.7251,113.32,0.97,0.093,0.0156,3231
2022-10-13T00:00:00.000+0000,6.74,131392,0.7238,112.36,0.9708,0.0929,0.0157,3231
2022-10-14T00:00:00.000+0000,6.45,96729,0.7267,113.31,0.9751,0.0945,0.0156,3342
2022-10-17T00:00:00.000+0000,6,132424,0.7218,112.04,0.9739,0.094,0.016,3342
2022-10-18T00:00:00.000+0000,5.74,102085,0.7292,112.13,0.9846,0.0951,0.0161,3342
2022-10-19T00:00:00.000+0000,5.46,107157,0.7285,112.98,0.9864,0.0949,0.0161,3342
2022-10-20T00:00:00.000+0000,5.36,104216,0.7261,112.88,0.9766,0.0941,0.0164,3342
2022-10-21T00:00:00.000+0000,4.96,101734,0.7258,112.01,0.9779,0.0938,0.0162,3394
2022-10-24T00:00:00.000+0000,5.2,69672,0.7328,111.99,0.986,0.0953,0.0162,3394
2022-10-25T00:00:00.000+0000,5.61,39947,0.7302,110.95,0.9887,0.0953,0.0163,3394
2022-10-26T00:00:00.000+0000,5.61,36778,0.7344,109.7,0.9964,0.0962,0.0161,3394
2022-10-27T00:00:00.000+0000,5.19,118808,0.7379,110.59,1.0092,0.0977,0.0163,3394
2022-10-28T00:00:00.000+0000,5.68,84706,0.7372,110.67,0.9968,0.0974,0.0163,3501
2022-10-31T00:00:00.000+0000,6.36,128751,0.7349,111.53,0.9955,0.0969,0.0163,3501
2022-11-01T00:00:00.000+0000,5.71,136649,0.7347,111.48,0.9886,0.0963,0.0161,3501
2022-11-02T00:00:00.000+0000,6.27,104854,0.7343,111.35,0.9878,0.0967,0.0162,3501
2022-11-03T00:00:00.000+0000,5.97,98527,0.7291,112.93,0.9814,0.0956,0.0162,3501
2022-11-04T00:00:00.000+0000,6.4,117251,0.7277,110.88,0.975,0.0945,0.016,3580
2022-11-07T00:00:00.000+0000,6.94,171262,0.7401,110.12,0.9929,0.0975,0.0161,3580
2022-11-08T00:00:00.000+0000,6.14,146540,0.7411,109.62,1.0019,0.0978,0.0158,3580
2022-11-09T00:00:00.000+0000,5.86,134654,0.7454,110.55,1.0081,0.0978,0.0164,3580
2022-11-10T00:00:00.000+0000,6.24,101637,0.7393,108.21,1.002,0.0964,0.0162,3580
2022-11-11T00:00:00.000+0000,5.88,110492,0.7501,106.29,1.0192,0.099,0.0165,3644
2022-11-14T00:00:00.000+0000,5.93,110910,0.7545,106.66,1.0329,0.1008,0.0165,3644
2022-11-15T00:00:00.000+0000,6.03,76925,0.7505,106.4,1.0319,0.0996,0.0168,3644
2022-11-16T00:00:00.000+0000,6.2,112921,0.7534,106.28,1.0358,0.1002,0.0163,3644
2022-11-17T00:00:00.000+0000,6.37,106768,0.7499,106.69,1.0395,0.1,0.0165,3644
2022-11-18T00:00:00.000+0000,6.3,102563,0.7507,106.93,1.0362,0.0988,0.0166,3564
2022-11-21T00:00:00.000+0000,6.78,107821,0.7476,107.84,1.0331,0.0985,0.0164,3564
2022-11-22T00:00:00.000+0000,6.78,73116,0.7437,107.22,1.0246,0.0976,0.0165,3564
2022-11-23T00:00:00.000+0000,7.31,59054,0.7484,106.08,1.0311,0.099,0.0165,3564
2022-11-25T00:00:00.000+0000,7.02,35506,0.7498,105.96,1.0408,0.1009,0.0166,3483
2022-11-28T00:00:00.000+0000,6.71,105914,0.7457,106.68,1.0368,0.1009,0.0165,3483
2022-11-29T00:00:00.000+0000,7.24,101680,0.7413,106.82,1.0346,0.0999,0.0162,3483
2022-11-30T00:00:00.000+0000,6.93,107306,0.7362,105.95,1.0324,0.0999,0.0164,3483
2022-12-01T00:00:00.000+0000,6.74,94563,0.7456,104.73,1.0425,0.1018,0.0164,3483
2022-12-02T00:00:00.000+0000,6.28,115609,0.7443,104.55,1.0528,0.1029,0.0163,3462
2022-12-05T00:00:00.000+0000,5.58,167674,0.7438,105.29,1.0544,0.1025,0.0165,3462
2022-12-06T00:00:00.000+0000,5.47,131231,0.7359,105.58,1.0497,0.1006,0.0165,3462
2022-12-07T00:00:00.000+0000,5.72,172964,0.7326,105.1,1.0469,0.0999,0.0165,3462
2022-12-08T00:00:00.000+0000,5.96,154504,0.7327,104.77,1.0513,0.0999,0.0158,3462
2022-12-09T00:00:00.000+0000,6.24,160027,0.7354,104.81,1.056,0.1004,0.0158,3412
2022-12-12T00:00:00.000+0000,6.59,171431,0.7323,105.13,1.0522,0.1003,0.016,3412
2022-12-13T00:00:00.000+0000,6.93,168109,0.7337,103.98,1.0542,0.1002,0.016,3412
2022-12-14T00:00:00.000+0000,6.43,139039,0.7377,103.77,1.0627,0.1023,0.0158,3412
2022-12-15T00:00:00.000+0000,6.97,139782,0.738,104.56,1.0676,0.1029,0.0155,3412
2022-12-16T00:00:00.000+0000,6.6,116642,0.7322,104.7,1.0641,0.1015,0.0155,3325
2022-12-19T00:00:00.000+0000,5.85,121279,0.7305,104.72,1.0585,0.1018,0.0154,3325
2022-12-20T00:00:00.000+0000,5.33,123996,0.733,103.97,1.0615,0.1011,0.0143,3325
2022-12-21T00:00:00.000+0000,5.33,89444,0.7353,104.16,1.0627,0.1012,0.0144,3325
2022-12-22T00:00:00.000+0000,5,66757,0.7346,104.43,1.061,0.1017,0.0137,3325
2022-12-23T00:00:00.000+0000,5.08,42105,0.7333,104.31,1.0603,0.1014,0.0147,3112
2022-12-27T00:00:00.000+0000,5.28,41154,0.7376,104.18,1.064,0.1019,0.0146,3112
2022-12-28T00:00:00.000+0000,4.71,115022,0.7394,104.46,1.0637,0.1018,0.0143,3112
2022-12-29T00:00:00.000+0000,4.56,78441,0.7353,103.84,1.0629,0.1013,0.0138,3112
2022-12-30T00:00:00.000+0000,4.47,62281,0.7379,103.52,1.0661,0.1012,0.0135,2891
2023-01-03T00:00:00.000+0000,3.99,116837,0.7375,104.52,1.0678,0.1016,0.0141,2891
2023-01-04T00:00:00.000+0000,4.17,99759,0.7313,104.25,1.0547,0.0991,0.0137,2891
2023-01-05T00:00:00.000+0000,3.72,116682,0.7416,105.04,1.0606,0.0992,0.0138,2891
2023-01-06T00:00:00.000+0000,3.71,105050,0.7375,103.88,1.0522,0.0976,0.0139,2902
2023-01-09T00:00:00.000+0000,3.91,130276,0.7443,103,1.0656,0.1001,0.0138,2902
2023-01-10T00:00:00.000+0000,3.64,112231,0.7466,103.24,1.0733,0.1013,0.0143,2902
2023-01-11T00:00:00.000+0000,3.67,133203,0.7444,103.19,1.0739,0.1002,0.0144,2902
2023-01-12T00:00:00.000+0000,3.69,123743,0.7446,102.25,1.0766,0.1001,0.0145,2902
2023-01-13T00:00:00.000+0000,3.42,112096,0.7476,102.2,1.086,0.1012,0.0148,2820
2023-01-17T00:00:00.000+0000,3.59,143310,0.7464,102.39,1.083,0.1014,0.0146,2820
2023-01-18T00:00:00.000+0000,3.31,119853,0.7468,102.36,1.0793,0.1012,0.0146,2820
2023-01-19T00:00:00.000+0000,3.28,99670,0.741,102.06,1.0798,0.1009,0.0146,2820
2023-01-20T00:00:00.000+0000,3.17,106735,0.7427,102.01,1.0834,0.101,0.0144,2734
2023-01-23T00:00:00.000+0000,3.45,130377,0.7479,102.14,1.0865,0.1016,0.0147,2734
2023-01-24T00:00:00.000+0000,3.26,62585,0.7479,101.92,1.0874,0.1019,0.0145,2734
2023-01-25T00:00:00.000+0000,3.07,40750,0.7477,101.64,1.0888,0.1014,0.0144,2734
2023-01-26T00:00:00.000+0000,2.94,47669,0.7474,101.84,1.0922,0.1011,0.0145,2734
2023-01-27T00:00:00.000+0000,3.11,128689,0.751,101.93,1.0894,0.1015,0.0144,2583
2023-01-30T00:00:00.000+0000,2.68,167291,0.7517,102.28,1.0871,0.1011,0.0141,2583
2023-01-31T00:00:00.000+0000,2.68,145544,0.7472,102.1,1.0851,0.1002,0.0143,2583
2023-02-01T00:00:00.000+0000,2.47,210664,0.7515,101.22,1.0861,0.1002,0.0142,2583
2023-02-02T00:00:00.000+0000,2.46,160777,0.7533,101.75,1.1013,0.1012,0.0143,2583
2023-02-03T00:00:00.000+0000,2.41,145394,0.7509,102.92,1.0905,0.0996,0.0133,2366
2023-02-06T00:00:00.000+0000,2.46,138819,0.7463,103.62,1.0791,0.0978,0.0142,2366
2023-02-07T00:00:00.000+0000,2.58,228475,0.744,103.43,1.0731,0.0967,0.014,2366
2023-02-08T00:00:00.000+0000,2.4,204605,0.7468,103.41,1.073,0.097,0.0139,2366
2023-02-09T00:00:00.000+0000,2.43,227981,0.7438,103.22,1.0716,0.097,0.0137,2366
2023-02-10T00:00:00.000+0000,2.51,230687,0.7436,103.63,1.0742,0.0983,0.0137,2266
2023-02-13T00:00:00.000+0000,2.4,251399,0.7486,103.35,1.0678,0.0987,0.0137,2266
2023-02-14T00:00:00.000+0000,2.57,169804,0.75,103.23,1.073,0.0991,0.0135,2266
2023-02-15T00:00:00.000+0000,2.47,147505,0.7496,103.92,1.0736,0.0987,0.0136,2266
2023-02-16T00:00:00.000+0000,2.39,141459,0.7468,103.86,1.0692,0.098,0.0135,2266
2023-02-17T00:00:00.000+0000,2.28,133999,0.7422,103.86,1.0666,0.0975,0.0134,2195
2023-02-21T00:00:00.000+0000,2.07,108507,0.7433,104.18,1.0683,0.0977,0.0133,2195
2023-02-22T00:00:00.000+0000,2.17,57853,0.7388,104.59,1.0652,0.0971,0.0134,2195
2023-02-23T00:00:00.000+0000,2.31,57085,0.7383,104.6,1.0606,0.0966,0.0134,2195
2023-02-24T00:00:00.000+0000,2.45,168130,0.7384,105.21,1.0598,0.0971,0.0133,2114
2023-02-27T00:00:00.000+0000,2.73,238896,0.7356,104.67,1.0555,0.0966,0.0132,2114
2023-02-28T00:00:00.000+0000,2.75,160843,0.7367,104.87,1.0611,0.0968,0.0134,2114
2023-03-01T00:00:00.000+0000,2.81,157116,0.7329,104.48,1.0577,0.0963,0.0133,2114
2023-03-02T00:00:00.000+0000,2.77,134243,0.7359,105.03,1.0669,0.0964,0.0133,2114
2023-03-03T00:00:00.000+0000,3.01,185066,0.7356,104.52,1.06,0.0958,0.0132,2030
2023-03-06T00:00:00.000+0000,2.57,246373,0.7351,104.35,1.0626,0.0963,0.0133,2030
2023-03-07T00:00:00.000+0000,2.69,149484,0.7344,105.62,1.0688,0.096,0.0133,2030
2023-03-08T00:00:00.000+0000,2.55,132610,0.7274,105.66,1.0551,0.0936,0.0132,2030
2023-03-09T00:00:00.000+0000,2.54,138147,0.7247,105.31,1.055,0.0937,0.0132,2030
2023-03-10T00:00:00.000+0000,2.43,127165,0.723,104.58,1.0585,0.0938,0.0132,1972
2023-03-13T00:00:00.000+0000,2.61,146573,0.7265,103.6,1.0684,0.0941,0.0131,1972
2023-03-14T00:00:00.000+0000,2.57,93916,0.7281,103.6,1.0725,0.0947,0.0132,1972
2023-03-15T00:00:00.000+0000,2.44,132196,0.7305,104.65,1.0728,0.0948,0.0132,1972
2023-03-16T00:00:00.000+0000,2.51,114147,0.7265,104.42,1.0583,0.093,0.2,1972
2023-03-17T00:00:00.000+0000,2.34,118455,0.7289,103.71,1.0614,0.0931,0.0131,1900
2023-03-20T00:00:00.000+0000,2.22,110519,0.7294,103.28,1.0679,0.0938,0.013,1900
2023-03-21T00:00:00.000+0000,2.35,138551,0.7315,103.26,1.0719,0.0939,0.0129,1900
2023-03-22T00:00:00.000+0000,2.17,121562,0.7295,102.35,1.0774,0.0949,0.013,1900
2023-03-23T00:00:00.000+0000,2.15,87692,0.729,102.53,1.087,0.0958,0.013,1900
2023-03-24T00:00:00.000+0000,2.22,55636,0.729,103.12,1.0835,0.0962,0.0132,1853
2023-03-27T00:00:00.000+0000,2.09,39811,0.7285,102.86,1.0778,0.0956,0.0129,1853
2023-03-28T00:00:00.000+0000,2.03,62598,0.7324,102.43,1.0807,0.0956,0.0131,1853
2023-03-29T00:00:00.000+0000,1.99,155175,0.7357,102.64,1.084,0.0966,0.0131,1853
2023-03-30T00:00:00.000+0000,2.1,153725,0.7373,102.14,1.0844,0.096,0.0129,1853
2023-03-31T00:00:00.000+0000,2.22,164651,0.7395,102.51,1.0905,0.0962,0.0129,1830
2023-04-03T00:00:00.000+0000,2.1,173583,0.7406,102.09,1.0803,0.0957,0.0128,1830
2023-04-04T00:00:00.000+0000,2.11,149115,0.7444,101.59,1.0912,0.0973,0.0127,1830
2023-04-05T00:00:00.000+0000,2.15,147112,0.7442,101.85,1.096,0.0971,0.0126,1830
2023-04-06T00:00:00.000+0000,2.01,0,0.7433,101.82,1.0903,0.0957,0.0125,1830
2023-04-10T00:00:00.000+0000,2.17,256800,0.7405,102.58,1.0914,0.0953,0.0123,1855
2023-04-11T00:00:00.000+0000,2.19,220673,0.7406,102.2,1.0869,0.0951,0.0123,1855
2023-04-12T00:00:00.000+0000,2.09,247319,0.7428,101.5,1.0918,0.0947,0.0123,1855
2023-04-13T00:00:00.000+0000,2.01,224382,0.744,101.01,1.1,0.0958,0.0122,1855
2023-04-14T00:00:00.000+0000,2.11,226788,0.7496,101.55,1.1055,0.0971,0.0122,1930
2023-04-17T00:00:00.000+0000,2.28,191441,0.7482,102.1,1.0987,0.0963,0.0123,1930
2023-04-18T00:00:00.000+0000,2.37,120611,0.7467,101.75,1.0925,0.0954,0.0122,1930
2023-04-19T00:00:00.000+0000,2.22,147565,0.7468,101.97,1.0975,0.0956,0.0122,1930
2023-04-20T00:00:00.000+0000,2.25,115594,0.7425,101.84,1.0952,0.0945,0.0122,1930
2023-04-21T00:00:00.000+0000,2.23,82961,0.7418,101.82,1.0971,0.0945,0.0122,2009
2023-04-24T00:00:00.000+0000,2.27,56324,0.7386,101.35,1.0992,0.0945,0.0123,2009
2023-04-25T00:00:00.000+0000,2.31,66131,0.7389,101.86,1.1059,0.095,0.0123,2009
2023-04-26T00:00:00.000+0000,2.12,149625,0.7343,101.47,1.0978,0.0938,0.0124,2009
2023-04-27T00:00:00.000+0000,2.36,105218,0.7336,101.5,1.1047,0.0941,0.0122,2009
2023-04-28T00:00:00.000+0000,2.41,176420,0.7353,101.67,1.1032,0.0943,0.0122,2063
2023-05-01T00:00:00.000+0000,2.32,108993,0.7375,102.15,1.1011,0.0937,0.0124,2063
2023-05-02T00:00:00.000+0000,2.21,127225,0.7379,101.96,1.0969,0.0931,0.0124,2063
2023-05-03T00:00:00.000+0000,2.17,130327,0.7342,101.34,1.1011,0.0926,0.0125,2063
2023-05-04T00:00:00.000+0000,2.1,113278,0.7336,101.4,1.1069,0.0929,0.0126,2063
2023-05-05T00:00:00.000+0000,2.14,120689,0.7395,101.21,1.1023,0.0937,0.0127,2141
2023-05-08T00:00:00.000+0000,2.24,125345,0.7474,101.37,1.1019,0.0946,0.0129,2141
2023-05-09T00:00:00.000+0000,2.27,134534,0.7478,101.61,1.0996,0.0952,0.0129,2141
2023-05-10T00:00:00.000+0000,2.19,126485,0.7477,101.48,1.0965,0.0946,0.0128,2141
2023-05-11T00:00:00.000+0000,2.19,119033,0.7478,102.06,1.0984,0.0952,0.0129,2141
2023-05-12T00:00:00.000+0000,2.27,159351,0.7411,102.68,1.0912,0.0937,0.013,2240
2023-05-15T00:00:00.000+0000,2.38,142753,0.7378,102.43,1.0853,0.0937,0.0129,2240
2023-05-16T00:00:00.000+0000,2.38,135427,0.7427,102.56,1.0874,0.0944,0.0125,2240
2023-05-17T00:00:00.000+0000,2.37,139262,0.742,102.88,1.0866,0.0933,0.0124,2240
2023-05-18T00:00:00.000+0000,2.59,186293,0.7426,103.58,1.0838,0.0928,0.0125,2240
2023-05-19T00:00:00.000+0000,2.59,162128,0.7409,103.2,1.0775,0.0916,0.0124,2336
2023-05-22T00:00:00.000+0000,2.4,114478,0.7414,103.2,1.0823,0.092,0.0125,2336
2023-05-23T00:00:00.000+0000,2.32,58742,0.7406,103.49,1.0811,0.0917,0.0124,2336
2023-05-24T00:00:00.000+0000,2.4,33040,0.7408,103.89,1.077,0.0913,0.0125,2336
2023-05-25T00:00:00.000+0000,2.31,48663,0.7359,104.21,1.0757,0.0913,0.0125,2336
2023-05-26T00:00:00.000+0000,2.18,140560,0.733,104.21,1.0724,0.0905,0.0125,2446
2023-05-30T00:00:00.000+0000,2.33,183534,0.7352,104.17,1.0708,0.09,0.0125,2446
2023-05-31T00:00:00.000+0000,2.27,151831,0.7353,104.32,1.0733,0.0894,0.0126,2446
2023-06-01T00:00:00.000+0000,2.16,210624,0.7371,103.56,1.0695,0.0904,0.0123,2446
2023-06-02T00:00:00.000+0000,2.17,155169,0.7439,104.02,1.0761,0.0905,0.0124,2550
2023-06-05T00:00:00.000+0000,2.24,149918,0.7447,104,1.0699,0.0909,0.0124,2550
2023-06-06T00:00:00.000+0000,2.26,147732,0.7436,104.13,1.0712,0.0906,0.0124,2550
2023-06-07T00:00:00.000+0000,2.33,182391,0.7463,104.1,1.0698,0.0902,0.0123,2550
2023-06-08T00:00:00.000+0000,2.35,217008,0.7479,103.34,1.0707,0.0906,0.0123,2550
2023-06-09T00:00:00.000+0000,2.25,169479,0.7484,103.56,1.0783,0.0917,0.0122,2634
2023-06-12T00:00:00.000+0000,2.27,174479,0.7498,103.63,1.0751,0.093,0.0121,2634
2023-06-13T00:00:00.000+0000,2.34,179755,0.7483,103.34,1.0763,0.0927,0.0119,2634
2023-06-14T00:00:00.000+0000,2.34,141175,0.751,103.01,1.0789,0.094,0.0119,2634
2023-06-15T00:00:00.000+0000,2.53,260280,0.7504,102.12,1.0843,0.094,0.0119,2634
2023-06-16T00:00:00.000+0000,2.63,194535,0.7563,102.3,1.0946,0.0953,0.012,2729
2023-06-20T00:00:00.000+0000,2.49,198217,0.757,102.54,1.0924,0.0936,0.0119,2729
2023-06-21T00:00:00.000+0000,2.6,125413,0.7561,102.07,1.092,0.0933,0.0118,2729
2023-06-22T00:00:00.000+0000,2.61,109156,0.7598,102.39,1.0993,0.094,0.012,2729
2023-06-23T00:00:00.000+0000,2.73,84433,0.7607,102.9,1.0959,0.0939,0.0124,2805
2023-06-26T00:00:00.000+0000,2.79,31600,0.7596,102.69,1.0907,0.0925,0.012,2805
2023-06-27T00:00:00.000+0000,2.76,71154,0.7605,102.49,1.091,0.0932,0.0119,2805
2023-06-28T00:00:00.000+0000,2.6,137907,0.7577,102.91,1.0957,0.0927,0.0117,2805
2023-06-29T00:00:00.000+0000,2.7,118610,0.7546,103.34,1.0916,0.0929,0.0116,2805
2023-06-30T00:00:00.000+0000,2.8,147265,0.7547,102.91,1.0868,0.0926,0.0115,2881
2023-07-03T00:00:00.000+0000,2.71,79618,0.7547,102.99,1.0908,0.0931,0.0114,2881
2023-07-05T00:00:00.000+0000,2.66,124912,0.7562,103.37,1.0885,0.094,0.0111,2881
2023-07-06T00:00:00.000+0000,2.61,109301,0.7527,103.17,1.0857,0.0936,0.011,2881
2023-07-07T00:00:00.000+0000,2.58,103593,0.7482,102.27,1.0891,0.093,0.011,2930
2023-07-10T00:00:00.000+0000,2.67,124495,0.7531,101.97,1.097,0.0941,0.011,2930
2023-07-11T00:00:00.000+0000,2.73,130580,0.7534,101.73,1.1006,0.0955,0.011,2930
2023-07-12T00:00:00.000+0000,2.63,149633,0.756,100.52,1.1014,0.0967,0.0111,2930
2023-07-13T00:00:00.000+0000,2.55,148019,0.7586,99.77,1.1145,0.0989,0.0111,2930
2023-07-14T00:00:00.000+0000,2.54,134591,0.7626,99.91,1.1223,0.1006,0.0111,2971
2023-07-17T00:00:00.000+0000,2.51,110913,0.7561,99.84,1.1228,0.0995,0.0111,2971
2023-07-18T00:00:00.000+0000,2.63,134874,0.7575,99.94,1.1238,0.0994,0.011,2971
2023-07-19T00:00:00.000+0000,2.6,102069,0.7595,100.28,1.1229,0.0995,0.011,2971
2023-07-20T00:00:00.000+0000,2.76,165848,0.7597,100.88,1.1205,0.0996,0.0109,2971
2023-07-21T00:00:00.000+0000,2.71,94148,0.7591,101.07,1.1137,0.0993,0.0111,2987
2023-07-24T00:00:00.000+0000,2.68,54167,0.7562,101.35,1.1125,0.0991,0.0111,2987
2023-07-25T00:00:00.000+0000,2.73,35545,0.759,101.35,1.1063,0.0995,0.0111,2987
2023-07-26T00:00:00.000+0000,2.66,37310,0.7583,100.89,1.105,0.0994,0.0111,2987
2023-07-27T00:00:00.000+0000,2.49,166760,0.7573,101.77,1.1078,0.0988,0.0111,2987
2023-07-28T00:00:00.000+0000,2.64,136505,0.756,101.62,1.0979,0.0983,0.011,3001
2023-07-31T00:00:00.000+0000,2.63,97877,0.7547,101.86,1.1024,0.0981,0.0109,3001
2023-08-01T00:00:00.000+0000,2.56,135522,0.758,102.3,1.0998,0.0989,0.0109,3001
2023-08-02T00:00:00.000+0000,2.48,147612,0.7537,102.59,1.1008,0.0985,0.0108,3001
2023-08-03T00:00:00.000+0000,2.57,139151,0.7494,102.54,1.0944,0.0972,0.0106,3001
2023-08-04T00:00:00.000+0000,2.58,104012,0.749,102.02,1.0952,0.0978,0.0105,3030
2023-08-07T00:00:00.000+0000,2.72,228905,0.7478,102.05,1.1003,0.0987,0.0104,3030
2023-08-08T00:00:00.000+0000,2.78,186795,0.7479,102.53,1.1003,0.0986,0.0104,3030
2023-08-09T00:00:00.000+0000,2.96,312252,0.7449,102.49,1.0959,0.0974,0.0103,3030
2023-08-10T00:00:00.000+0000,2.76,230514,0.7452,102.52,1.0978,0.0981,0.0103,3030
2023-08-11T00:00:00.000+0000,2.77,163958,0.7438,102.84,1.0982,0.097,0.0103,3065
2023-08-14T00:00:00.000+0000,2.8,93502,0.7441,103.19,1.0944,0.0959,0.01,3065
2023-08-15T00:00:00.000+0000,2.66,158887,0.743,103.21,1.091,0.0955,0.0103,3065
2023-08-16T00:00:00.000+0000,2.59,142515,0.7413,103.42,1.0904,0.095,0.0102,3065
2023-08-17T00:00:00.000+0000,2.62,119544,0.7387,103.44,1.0875,0.0942,0.0106,3065
2023-08-18T00:00:00.000+0000,2.55,128027,0.7383,103.38,1.0875,0.0945,0.0106,3083
2023-08-21T00:00:00.000+0000,2.63,102634,0.7385,103.33,1.0876,0.094,0.0105,3083
2023-08-22T00:00:00.000+0000,2.56,111965,0.7384,103.56,1.0898,0.0942,0.0107,3083
2023-08-23T00:00:00.000+0000,2.5,93844,0.738,103.36,1.0847,0.0941,0.0106,3083
2023-08-24T00:00:00.000+0000,2.52,76080,0.7394,103.98,1.0866,0.0944,0.0105,3083
2023-08-25T00:00:00.000+0000,2.54,31329,0.736,104.08,1.0799,0.0932,0.0106,3115
2023-08-28T00:00:00.000+0000,2.58,58220,0.7356,104.06,1.0797,0.0936,0.0105,3115
2023-08-29T00:00:00.000+0000,2.56,145380,0.7352,103.55,1.0826,0.0934,0.0106,3115
2023-08-30T00:00:00.000+0000,2.8,146876,0.7375,103.16,1.0869,0.0945,0.0105,3115
2023-08-31T00:00:00.000+0000,2.77,176016,0.7388,103.62,1.0933,0.0944,0.0104,3115
2023-09-01T00:00:00.000+0000,2.77,127248,0.7402,104.24,1.0844,0.0941,0.0104,3148
2023-09-05T00:00:00.000+0000,2.58,178329,0.7354,104.81,1.0794,0.094,0.0104,3148
2023-09-06T00:00:00.000+0000,2.51,116663,0.7332,104.86,1.0726,0.0933,0.0103,3148
2023-09-07T00:00:00.000+0000,2.58,140334,0.7332,105.06,1.0724,0.0934,0.0102,3148
2023-09-08T00:00:00.000+0000,2.61,101228,0.7308,105.09,1.0698,0.0934,0.0102,3205
2023-09-11T00:00:00.000+0000,2.61,110879,0.7338,104.57,1.0718,0.0939,0.0102,3205
2023-09-12T00:00:00.000+0000,2.74,202189,0.7364,104.71,1.075,0.094,0.0105,3205
2023-09-13T00:00:00.000+0000,2.68,191712,0.738,104.77,1.0753,0.0937,0.0105,3205
2023-09-14T00:00:00.000+0000,2.71,154082,0.7379,105.41,1.0734,0.0934,0.0104,3205
2023-09-15T00:00:00.000+0000,2.64,127780,0.7399,105.32,1.0637,0.0931,0.0105,3269
2023-09-18T00:00:00.000+0000,2.73,128308,0.7395,105.2,1.0668,0.0929,0.0103,3269
2023-09-19T00:00:00.000+0000,2.85,164806,0.7415,105.2,1.0693,0.0925,0.0104,3269
2023-09-20T00:00:00.000+0000,2.73,140309,0.7439,105.16,1.0682,0.0929,0.0103,3269
2023-09-21T00:00:00.000+0000,2.61,99971,0.742,105.36,1.0653,0.0927,0.0104,3269
2023-09-22T00:00:00.000+0000,2.64,52641,0.742,105.58,1.0662,0.0929,0.0104,3359
2023-09-25T00:00:00.000+0000,2.64,36175,0.742,106,1.0648,0.093,0.0104,3359
2023-09-26T00:00:00.000+0000,2.66,57087,0.7435,106.23,1.0592,0.0925,0.0105,3359
2023-09-27T00:00:00.000+0000,2.76,136011,0.7397,106.67,1.0569,0.0924,0.0104,3359
2023-09-28T00:00:00.000+0000,2.94,123674,0.7407,106.22,1.0505,0.093,0.0104,3359
2023-09-29T00:00:00.000+0000,2.93,114663,0.7412,106.17,1.0562,0.0932,0.0104,3445
2023-10-02T00:00:00.000+0000,2.84,124338,0.7367,106.9,1.0565,0.0936,0.0102,3445
2023-10-03T00:00:00.000+0000,2.95,128578,0.7312,107,1.0481,0.0921,0.0101,3445
2023-10-04T00:00:00.000+0000,2.96,155568,0.7294,106.8,1.0472,0.0913,0.0099,3445
2023-10-05T00:00:00.000+0000,3.17,220407,0.7276,106.33,1.0507,0.0909,0.0101,3445
2023-10-06T00:00:00.000+0000,3.34,247997,0.7296,106.04,1.0547,0.0913,0.01,3529
2023-10-09T00:00:00.000+0000,3.38,208300,0.732,106.08,1.0567,0.0919,0.0099,3529
2023-10-10T00:00:00.000+0000,3.38,170101,0.7363,105.83,1.0579,0.0928,0.0101,3529
2023-10-11T00:00:00.000+0000,3.38,211414,0.7362,105.82,1.0605,0.0926,0.01,3529
2023-10-12T00:00:00.000+0000,3.34,160315,0.7356,106.57,1.0624,0.0922,0.0102,3529
2023-10-13T00:00:00.000+0000,3.24,139194,0.7308,106.65,1.0537,0.0912,0.0102,3626
2023-10-16T00:00:00.000+0000,3.11,165019,0.7329,106.24,1.0522,0.0916,0.0102,3626
2023-10-17T00:00:00.000+0000,3.08,133591,0.7345,106.25,1.0554,0.0915,0.0103,3626
2023-10-18T00:00:00.000+0000,3.06,122851,0.7324,106.57,1.0573,0.0913,0.0102,3626
2023-10-19T00:00:00.000+0000,2.96,138650,0.7292,106.25,1.0539,0.0904,0.0102,3626
2023-10-20T00:00:00.000+0000,2.9,144044,0.7291,106.16,1.0586,0.091,0.0104,3700
2023-10-23T00:00:00.000+0000,2.93,99128,0.7298,105.54,1.059,0.0904,0.0105,3700
2023-10-24T00:00:00.000+0000,2.97,65427,0.7305,106.27,1.067,0.0903,0.0106,3700
2023-10-25T00:00:00.000+0000,3.01,31461,0.7277,106.53,1.0595,0.0896,0.0107,3700
2023-10-26T00:00:00.000+0000,3.21,88611,0.7245,106.6,1.0567,0.0893,0.0106,3700
2023-10-27T00:00:00.000+0000,3.16,140955,0.7239,106.56,1.0564,0.0894,0.0107,3779
2023-10-30T00:00:00.000+0000,3.35,119526,0.7213,106.12,1.0562,0.0895,0.0106,3779
2023-10-31T00:00:00.000+0000,3.58,238330,0.7231,106.66,1.0615,0.0898,0.0108,3779
2023-11-01T00:00:00.000+0000,3.49,151262,0.7206,106.88,1.0579,0.0896,0.0107,3779
2023-11-02T00:00:00.000+0000,3.47,118508,0.7228,106.12,1.0587,0.0898,0.0108,3779
2023-11-03T00:00:00.000+0000,3.52,110113,0.7274,105.02,1.0619,0.0897,0.0107,3773
2023-11-06T00:00:00.000+0000,3.26,185742,0.732,105.22,1.0732,0.0907,0.0109,3773
2023-11-07T00:00:00.000+0000,3.14,186182,0.7301,105.54,1.0722,0.0905,0.0108,3773
2023-11-08T00:00:00.000+0000,3.11,172750,0.7263,105.59,1.0696,0.0894,0.0109,3773
2023-11-09T00:00:00.000+0000,3.04,142578,0.725,105.91,1.071,0.0895,0.0109,3773
2023-11-10T00:00:00.000+0000,3.03,106720,0.7243,105.86,1.0668,0.0892,0.0109,3833
2023-11-13T00:00:00.000+0000,3.2,165652,0.7247,105.66,1.069,0.0901,0.0108,3833
2023-11-14T00:00:00.000+0000,3.11,146724,0.7246,104.11,1.0702,0.0903,0.0109,3833
2023-11-15T00:00:00.000+0000,3.19,153744,0.73,104.39,1.0878,0.092,0.011,3833
2023-11-16T00:00:00.000+0000,3.06,179663,0.7308,104.37,1.0855,0.0926,0.0112,3833
2023-11-17T00:00:00.000+0000,2.96,159777,0.7272,103.82,1.0854,0.0915,0.0112,3826
2023-11-20T00:00:00.000+0000,2.88,113704,0.7289,103.47,1.0907,0.0925,0.0112,3826
2023-11-21T00:00:00.000+0000,2.85,103671,0.7286,103.57,1.0946,0.0935,0.0113,3826
2023-11-22T00:00:00.000+0000,2.9,59224,0.7299,103.92,1.0918,0.0938,0.0113,3826
2023-11-23T00:00:00.000+0000,2.93,59224,0.7303,103.92,1.0891,0.093,0.0113,3826
2023-11-24T00:00:00.000+0000,2.86,34118,0.7302,103.4,1.0906,0.0928,0.0113,3836
2023-11-27T00:00:00.000+0000,2.79,67039,0.7336,103.2,1.094,0.0934,0.0112,3836
2023-11-28T00:00:00.000+0000,2.71,187190,0.7349,102.75,1.0958,0.0941,0.0112,3836
2023-11-29T00:00:00.000+0000,2.8,141591,0.7373,102.77,1.1006,0.0943,0.0113,3836
2023-11-30T00:00:00.000+0000,2.8,147752,0.7358,103.5,1.0974,0.0939,0.0113,3836
2023-12-01T00:00:00.000+0000,2.81,133190,0.7377,103.27,1.0892,0.0925,0.0111,3719
2023-12-04T00:00:00.000+0000,2.69,161786,0.7414,103.64,1.0888,0.0937,0.011,3719
2023-12-05T00:00:00.000+0000,2.71,119974,0.7386,104.05,1.0838,0.0923,0.0109,3719
2023-12-06T00:00:00.000+0000,2.57,218374,0.7358,104.15,1.0794,0.0915,0.0111,3719
2023-12-07T00:00:00.000+0000,2.59,248396,0.7357,103.54,1.0767,0.0911,0.0108,3719
2023-12-08T00:00:00.000+0000,2.58,190998,0.7354,104.01,1.0792,0.092,0.0108,3664
2023-12-11T00:00:00.000+0000,2.43,330300,0.7363,104.1,1.0766,0.0918,0.0109,3664
2023-12-12T00:00:00.000+0000,2.31,223455,0.7365,103.87,1.0767,0.0913,0.011,3664
2023-12-13T00:00:00.000+0000,2.34,255188,0.7361,102.87,1.0799,0.0913,0.0111,3664
2023-12-14T00:00:00.000+0000,2.39,159486,0.7403,101.96,1.0886,0.0928,0.0112,3664
2023-12-15T00:00:00.000+0000,2.49,189244,0.7459,102.55,1.0994,0.0952,0.0112,3577
2023-12-18T00:00:00.000+0000,2.5,154295,0.7473,102.51,1.0895,0.0956,0.011,3577
2023-12-19T00:00:00.000+0000,2.49,170435,0.7464,102.17,1.0924,0.0962,0.0111,3577
2023-12-20T00:00:00.000+0000,2.45,125263,0.75,102.41,1.0981,0.0975,0.0111,3577
2023-12-21T00:00:00.000+0000,2.57,84545,0.7486,101.84,1.0946,0.0967,0.0111,3577
2023-12-22T00:00:00.000+0000,2.61,42835,0.7528,101.7,1.1006,0.0974,0.0108,3490
2023-12-26T00:00:00.000+0000,2.55,50762,0.7547,101.47,1.102,0.0983,0.0109,3490
2023-12-27T00:00:00.000+0000,2.62,129265,0.7579,100.99,1.1043,0.0987,0.0109,3490
2023-12-28T00:00:00.000+0000,2.56,116059,0.7575,101.23,1.1109,0.099,0.0109,3490
2023-12-29T00:00:00.000+0000,2.51,89598,0.7559,101.33,1.1068,0.0982,0.0113,3476
2024-01-02T00:00:00.000+0000,2.57,132454,0.7552,102.2,1.1039,0.0986,0.0112,3476
2024-01-03T00:00:00.000+0000,2.67,166472,0.7506,102.46,1.0942,0.0967,0.0111,3476
2024-01-04T00:00:00.000+0000,2.82,206311,0.7492,102.42,1.0928,0.0968,0.0109,3476
2024-01-05T00:00:00.000+0000,2.89,187503,0.7488,102.41,1.0947,0.0972,0.011,3336
2024-01-08T00:00:00.000+0000,2.98,237672,0.7485,102.21,1.0942,0.0971,0.011,3336
2024-01-09T00:00:00.000+0000,3.19,351780,0.7491,102.57,1.0952,0.0965,0.011,3336
2024-01-10T00:00:00.000+0000,3.04,258013,0.7469,102.36,1.0932,0.0965,0.011,3336
2024-01-11T00:00:00.000+0000,3.1,235033,0.7475,102.29,1.0975,0.0967,0.011,3336
2024-01-12T00:00:00.000+0000,3.31,265883,0.7474,102.4,1.0982,0.0972,0.0111,3182
2024-01-16T00:00:00.000+0000,2.9,228164,0.7443,103.36,1.0946,0.0966,0.0111,3182
2024-01-17T00:00:00.000+0000,2.87,150330,0.7413,103.45,1.0879,0.0956,0.0114,3182
2024-01-18T00:00:00.000+0000,2.7,151819,0.7406,103.54,1.0886,0.0952,0.0113,3182
2024-01-19T00:00:00.000+0000,2.52,138427,0.7415,103.29,1.0879,0.095,0.0113,2856
2024-01-22T00:00:00.000+0000,2.42,121583,0.7445,103.33,1.0892,0.0954,0.0112,2856
2024-01-23T00:00:00.000+0000,2.45,69155,0.742,103.62,1.088,0.0951,0.0114,2856
2024-01-24T00:00:00.000+0000,2.64,65497,0.7432,103.24,1.0858,0.0953,0.0114,2856
2024-01-25T00:00:00.000+0000,2.57,44984,0.7393,103.57,1.0882,0.0956,0.0113,2856
2024-01-26T00:00:00.000+0000,2.71,73015,0.742,103.47,1.0847,0.0958,0.0114,2659
2024-01-29T00:00:00.000+0000,2.49,164621,0.7433,103.61,1.0844,0.0959,0.0114,2659
2024-01-30T00:00:00.000+0000,2.08,139745,0.7456,103.4,1.0834,0.096,0.0112,2659
2024-01-31T00:00:00.000+0000,2.1,142856,0.7462,103.27,1.0843,0.0958,0.0111,2659
2024-02-01T00:00:00.000+0000,2.05,161340,0.7443,103.05,1.0804,0.0951,0.0111,2659
2024-02-02T00:00:00.000+0000,2.08,125062,0.7472,103.92,1.0875,0.0959,0.0111,2584
2024-02-05T00:00:00.000+0000,2.08,136031,0.7424,104.45,1.078,0.0942,0.011,2584
2024-02-06T00:00:00.000+0000,2.01,137680,0.7384,104.18,1.0742,0.0936,0.011,2584
2024-02-07T00:00:00.000+0000,1.97,204064,0.7413,104.04,1.0757,0.0944,0.011,2584
2024-02-08T00:00:00.000+0000,1.92,237169,0.7427,104.15,1.0776,0.0945,0.011,2584
2024-02-09T00:00:00.000+0000,1.85,247314,0.7429,104.08,1.0777,0.0942,0.011,2530
2024-02-12T00:00:00.000+0000,1.77,242152,0.7431,104.17,1.0798,0.0949,0.0109,2530
2024-02-13T00:00:00.000+0000,1.69,286586,0.7432,104.96,1.0772,0.0953,0.0109,2530
2024-02-14T00:00:00.000+0000,1.61,208956,0.7371,104.72,1.0709,0.0937,0.0109,2530
2024-02-15T00:00:00.000+0000,1.58,183342,0.7386,104.3,1.0732,0.0945,0.0109,2530
2024-02-16T00:00:00.000+0000,1.61,170384,0.7426,104.3,1.0774,0.095,0.0108,2470
2024-02-20T00:00:00.000+0000,1.58,201471,0.7409,104.08,1.0775,0.0953,0.0108,2470
2024-02-21T00:00:00.000+0000,1.77,170658,0.7395,104.01,1.0813,0.0954,0.0109,2470
2024-02-22T00:00:00.000+0000,1.73,87803,0.7409,103.96,1.082,0.0955,0.0109,2470
2024-02-23T00:00:00.000+0000,1.6,47590,0.7418,103.94,1.0826,0.0953,0.0107,2374
2024-02-26T00:00:00.000+0000,1.66,110505,0.7403,103.83,1.082,0.095,0.0107,2374
2024-02-27T00:00:00.000+0000,1.62,179943,0.7407,103.83,1.0851,0.0953,0.0109,2374
2024-02-28T00:00:00.000+0000,1.88,149429,0.739,103.98,1.0845,0.095,0.0109,2374
2024-02-29T00:00:00.000+0000,1.86,141543,0.7365,104.16,1.0839,0.0944,0.0109,2374
2024-03-01T00:00:00.000+0000,1.84,105501,0.7367,103.86,1.0805,0.0942,0.0109,2334
2024-03-04T00:00:00.000+0000,1.92,185412,0.7379,103.83,1.0843,0.0951,0.0109,2334
2024-03-05T00:00:00.000+0000,1.96,142113,0.7368,103.8,1.0855,0.0946,0.0109,2334
2024-03-06T00:00:00.000+0000,1.93,107219,0.7358,103.37,1.0856,0.0946,0.0109,2334
2024-03-07T00:00:00.000+0000,1.82,173658,0.74,102.82,1.09,0.0954,0.011,2334
2024-03-08T00:00:00.000+0000,1.8,143794,0.7434,102.74,1.095,0.0962,0.011,2325
2024-03-11T00:00:00.000+0000,1.76,159954,0.7416,102.87,1.0943,0.0959,0.011,2325
2024-03-12T00:00:00.000+0000,1.71,199589,0.742,102.96,1.0931,0.0958,0.0111,2325
2024-03-13T00:00:00.000+0000,1.66,176633,0.7411,102.79,1.0928,0.0952,0.0109,2325
2024-03-14T00:00:00.000+0000,1.74,168141,0.7426,103.36,1.0955,0.0955,0.0109,2325
2024-03-15T00:00:00.000+0000,1.65,154729,0.7387,103.43,1.0883,0.0946,0.0109,2332
2024-03-18T00:00:00.000+0000,1.7,137349,0.7382,103.58,1.0883,0.0941,0.0108,2332
2024-03-19T00:00:00.000+0000,1.74,128064,0.7388,103.81,1.0874,0.094,0.0108,2332
2024-03-20T00:00:00.000+0000,1.7,115068,0.7368,103.41,1.0863,0.094,0.0109,2332
2024-03-21T00:00:00.000+0000,1.68,77701,0.7423,104,1.0937,0.0948,0.0109,2332
2024-03-22T00:00:00.000+0000,1.66,44514,0.7393,104.43,1.0862,0.0938,0.0108,2296
2024-03-25T00:00:00.000+0000,1.62,84776,0.7347,104.23,1.0808,0.093,0.0109,2296
2024-03-26T00:00:00.000+0000,1.58,123173,0.7361,104.29,1.0838,0.0933,0.0108,2296
2024-03-27T00:00:00.000+0000,1.72,144888,0.7363,104.35,1.0832,0.093,0.0108,2296
2024-03-28T00:00:00.000+0000,1.76,155745,0.7361,104.55,1.0813,0.0926,0.0108,2296
2024-04-01T00:00:00.000+0000,1.84,169145,0.7395,105.02,1.0793,0.0922,0.0108,2259
2024-04-02T00:00:00.000+0000,1.86,170434,0.7367,104.82,1.0737,0.0912,0.0108,2259
2024-04-03T00:00:00.000+0000,1.84,133034,0.7372,104.25,1.0769,0.0923,0.0108,2259
2024-04-04T00:00:00.000+0000,1.77,179437,0.7394,104.12,1.0838,0.0934,0.0108,2259
2024-04-05T00:00:00.000+0000,1.78,191179,0.7383,104.3,1.0837,0.0932,0.0108,2283
2024-04-08T00:00:00.000+0000,1.84,216676,0.7351,104.14,1.083,0.093,0.0108,2283
2024-04-09T00:00:00.000+0000,1.87,215016,0.7369,104.15,1.0864,0.0937,0.0108,2283
2024-04-10T00:00:00.000+0000,1.88,174388,0.7368,105.25,1.0859,0.0938,0.0108,2283
2024-04-11T00:00:00.000+0000,1.76,230318,0.7306,105.28,1.0742,0.0923,0.0108,2283
2024-04-12T00:00:00.000+0000,1.77,162917,0.7306,106.04,1.0727,0.0924,0.0108,2333
2024-04-15T00:00:00.000+0000,1.69,170569,0.7268,106.21,1.065,0.092,0.0107,2333
2024-04-16T00:00:00.000+0000,1.73,231556,0.7254,106.26,1.0626,0.0915,0.0107,2333
2024-04-17T00:00:00.000+0000,1.71,152348,0.7237,105.95,1.0621,0.0912,0.0107,2333
2024-04-18T00:00:00.000+0000,1.76,160729,0.7261,106.15,1.0669,0.0909,0.0106,2333
2024-04-19T00:00:00.000+0000,1.75,154111,0.7263,106.15,1.0644,0.0905,0.0107,2425
2024-04-22T00:00:00.000+0000,1.79,107242,0.7279,106.08,1.0658,0.0908,0.0107,2425
2024-04-23T00:00:00.000+0000,1.81,71346,0.7299,105.69,1.0654,0.0911,0.0108,2425
2024-04-24T00:00:00.000+0000,1.65,58154,0.732,105.86,1.0704,0.0917,0.0108,2425
2024-04-25T00:00:00.000+0000,1.64,75479,0.7297,105.6,1.07,0.091,0.0107,2425
2024-04-26T00:00:00.000+0000,1.61,119516,0.7322,105.94,1.073,0.0913,0.0108,2484
2024-04-29T00:00:00.000+0000,2.03,158855,0.7323,105.58,1.0707,0.0908,0.0108,2484
2024-04-30T00:00:00.000+0000,1.99,150370,0.7317,106.22,1.0716,0.091,0.0107,2484
2024-05-01T00:00:00.000+0000,1.93,135918,0.7258,105.76,1.0667,0.09,0.0107,2484
2024-05-02T00:00:00.000+0000,2.04,153739,0.7287,105.3,1.0722,0.0908,0.0107,2484
2024-05-03T00:00:00.000+0000,2.14,209456,0.7317,105.03,1.0733,0.0911,0.0107,2569
2024-05-06T00:00:00.000+0000,2.19,196381,0.7304,105.05,1.0758,0.0921,0.0107,2569
2024-05-07T00:00:00.000+0000,2.21,149430,0.7315,105.41,1.0768,0.0923,0.011,2569
2024-05-08T00:00:00.000+0000,2.19,149910,0.7282,105.55,1.075,0.0916,0.011,2569
2024-05-09T00:00:00.000+0000,2.3,207677,0.7285,105.23,1.0747,0.0917,0.011,2569
2024-05-10T00:00:00.000+0000,2.25,142992,0.7311,105.31,1.0785,0.0923,0.0109,2640
2024-05-13T00:00:00.000+0000,2.38,164690,0.7312,105.22,1.077,0.0922,0.0109,2640
2024-05-14T00:00:00.000+0000,2.34,147573,0.7318,105.01,1.0794,0.0925,0.0109,2640
2024-05-15T00:00:00.000+0000,2.42,180743,0.7325,104.35,1.0815,0.0926,0.011,2640
2024-05-16T00:00:00.000+0000,2.49,229617,0.7355,104.46,1.089,0.0939,0.011,2640
2024-05-17T00:00:00.000+0000,2.63,185798,0.7345,104.45,1.0868,0.0936,0.011,2719
2024-05-20T00:00:00.000+0000,2.75,211255,0.7349,104.57,1.0875,0.0937,0.011,2719
2024-05-21T00:00:00.000+0000,2.67,174162,0.7342,104.66,1.0861,0.0935,0.0111,2719
2024-05-22T00:00:00.000+0000,2.84,184820,0.7331,104.94,1.0855,0.0938,0.0111,2719
2024-05-23T00:00:00.000+0000,2.66,116689,0.7305,105.11,1.0825,0.0934,0.0111,2719
2024-05-24T00:00:00.000+0000,2.52,51814,0.7282,104.72,1.0813,0.0937,0.0109,2804
2024-05-28T00:00:00.000+0000,2.59,86031,0.7337,104.61,1.0862,0.0954,0.0109,2804
2024-05-29T00:00:00.000+0000,2.49,161403,0.7328,105.1,1.0852,0.0951,0.0109,2804
2024-05-30T00:00:00.000+0000,2.57,160060,0.729,104.72,1.0802,0.0945,0.0112,2804
2024-05-31T00:00:00.000+0000,2.59,139119,0.7308,104.67,1.0835,0.0948,0.0112,2900
2024-06-03T00:00:00.000+0000,2.76,233692,0.7343,104.14,1.0853,0.0953,0.0111,2900
2024-06-04T00:00:00.000+0000,2.59,221922,0.7337,104.11,1.0907,0.0957,0.0112,2900
2024-06-05T00:00:00.000+0000,2.76,201665,0.7312,104.27,1.0882,0.0948,0.0113,2900
2024-06-06T00:00:00.000+0000,2.82,194237,0.7305,104.1,1.0875,0.0946,0.0112,2900
2024-06-07T00:00:00.000+0000,2.92,209110,0.7316,104.89,1.0894,0.0948,0.0112,2974
2024-06-10T00:00:00.000+0000,2.91,269719,0.7268,105.15,1.0779,0.0933,0.0113,2974
2024-06-11T00:00:00.000+0000,3.13,227818,0.7267,105.23,1.0764,0.094,0.0113,2974
2024-06-12T00:00:00.000+0000,3.05,224795,0.727,104.65,1.074,0.0935,0.0112,2974
2024-06-13T00:00:00.000+0000,2.96,209730,0.7288,105.2,1.0813,0.0945,0.0112,2974
2024-06-14T00:00:00.000+0000,2.88,154123,0.7277,105.55,1.0739,0.0939,0.0114,3045
2024-06-17T00:00:00.000+0000,2.79,152241,0.7282,105.32,1.0702,0.0937,0.0114,3045
2024-06-18T00:00:00.000+0000,2.91,147414,0.7292,105.26,1.0741,0.0939,0.0113,3045
2024-06-20T00:00:00.000+0000,2.74,186686,0.7296,105.59,1.0752,0.0947,0.012,3045
2024-06-21T00:00:00.000+0000,2.7,79372,0.7307,105.8,1.0706,0.0949,0.0114,3102
2024-06-24T00:00:00.000+0000,2.81,45418,0.7299,105.47,1.0688,0.0945,0.0114,3102
2024-06-25T00:00:00.000+0000,2.76,78233,0.7322,105.61,1.0733,0.0949,0.0114,3102
2024-06-26T00:00:00.000+0000,2.63,141345,0.732,106.05,1.071,0.0942,0.0114,3102
2024-06-27T00:00:00.000+0000,2.68,139995,0.7297,105.91,1.068,0.0936,0.0113,3102
2024-06-28T00:00:00.000+0000,2.6,151326,0.73,105.87,1.0708,0.0939,0.0118,3134
2024-07-01T00:00:00.000+0000,2.48,181931,0.7314,105.9,1.0735,0.0938,0.0117,3134
2024-07-02T00:00:00.000+0000,2.43,154263,0.7279,105.72,1.0737,0.0938,0.0115,3134
2024-07-03T00:00:00.000+0000,2.42,125894,0.7312,105.4,1.0748,0.0938,0.0114,3134
2024-07-05T00:00:00.000+0000,2.32,156544,0.7345,104.88,1.0811,0.0946,0.0112,3199
2024-07-08T00:00:00.000+0000,2.37,162309,0.7332,105.01,1.0826,0.0947,0.0115,3199
2024-07-09T00:00:00.000+0000,2.34,155187,0.7337,105.13,1.0831,0.0943,0.0115,3199
2024-07-10T00:00:00.000+0000,2.33,146358,0.7337,105.05,1.0815,0.0943,0.0116,3199
2024-07-11T00:00:00.000+0000,2.27,122365,0.7344,104.44,1.0833,0.0934,0.0113,3199
2024-07-12T00:00:00.000+0000,2.33,129723,0.734,104.09,1.0873,0.0933,0.0115,3209
2024-07-15T00:00:00.000+0000,2.16,189516,0.7328,104.19,1.0886,0.0931,0.0115,3209
2024-07-16T00:00:00.000+0000,2.19,131219,0.7312,104.27,1.0902,0.0926,0.0114,3209
2024-07-17T00:00:00.000+0000,2.04,212196,0.7316,103.75,1.0903,0.0928,0.0113,3209
2024-07-18T00:00:00.000+0000,2.13,159464,0.7311,104.17,1.094,0.0933,0.0113,3209
2024-07-19T00:00:00.000+0000,2.13,101992,0.7298,104.4,1.0902,0.0925,0.0113,3231
2024-07-22T00:00:00.000+0000,2.25,148699,0.7296,104.31,1.0899,0.0919,0.0115,3231
2024-07-23T00:00:00.000+0000,2.19,112276,0.7267,104.45,1.089,0.0913,0.0114,3231
2024-07-24T00:00:00.000+0000,2.12,65013,0.7254,104.39,1.0851,0.0908,0.0114,3231
2024-07-25T00:00:00.000+0000,2.04,44964,0.7241,104.36,1.084,0.0907,0.0116,3231
2024-07-26T00:00:00.000+0000,2.01,58506,0.7236,104.32,1.0851,0.0907,0.0118,3249
2024-07-29T00:00:00.000+0000,1.91,162676,0.7232,104.56,1.0854,0.0909,0.0118,3249
2024-07-30T00:00:00.000+0000,2.13,157477,0.7217,104.55,1.0819,0.0909,0.0116,3249
2024-07-31T00:00:00.000+0000,2.04,167713,0.722,104.1,1.0816,0.0914,0.0117,3249
2024-08-01T00:00:00.000+0000,1.97,215979,0.7242,104.42,1.0824,0.0918,0.0116,3249
2024-08-02T00:00:00.000+0000,1.97,164207,0.7204,103.21,1.0788,0.0913,0.0117,3270
2024-08-05T00:00:00.000+0000,1.94,150595,0.7203,102.69,1.0911,0.0913,0.0119,3270
2024-08-06T00:00:00.000+0000,2.01,154471,0.7244,102.97,1.0951,0.0909,0.0118,3270
2024-08-07T00:00:00.000+0000,2.11,226781,0.7253,103.2,1.0926,0.0918,0.0117,3270
2024-08-08T00:00:00.000+0000,2.13,232204,0.727,103.21,1.0928,0.0924,0.0117,3270
2024-08-09T00:00:00.000+0000,2.14,183426,0.728,103.14,1.0916,0.0923,0.0115,3264
2024-08-12T00:00:00.000+0000,2.19,181250,0.728,103.14,1.0914,0.0925,0.0115,3264
2024-08-13T00:00:00.000+0000,2.15,202099,0.7277,102.56,1.0936,0.0926,0.011,3264
2024-08-14T00:00:00.000+0000,2.22,189925,0.7294,102.57,1.0997,0.0933,0.0111,3264
2024-08-15T00:00:00.000+0000,2.2,165423,0.7291,102.98,1.1013,0.0933,0.0111,3264
2024-08-16T00:00:00.000+0000,2.12,140820,0.7281,102.46,1.0973,0.0931,0.0112,3299
2024-08-19T00:00:00.000+0000,2.23,179074,0.7311,101.89,1.1025,0.0936,0.0112,3299
2024-08-20T00:00:00.000+0000,2.2,129952,0.7337,101.44,1.1086,0.095,0.0111,3299
2024-08-21T00:00:00.000+0000,2.18,124659,0.7344,101.04,1.1128,0.0953,0.011,3299
2024-08-22T00:00:00.000+0000,2.05,153777,0.7362,101.51,1.1155,0.0952,0.0109,3299
2024-08-23T00:00:00.000+0000,2.02,62492,0.7351,100.72,1.1117,0.0945,0.0109,3334
2024-08-26T00:00:00.000+0000,1.96,50432,0.7403,100.85,1.1188,0.0956,0.0111,3334
2024-08-27T00:00:00.000+0000,1.9,68871,0.7417,100.55,1.1165,0.0949,0.0109,3334
2024-08-28T00:00:00.000+0000,1.93,165219,0.7436,101.09,1.1178,0.0956,0.0109,3334
2024-08-29T00:00:00.000+0000,2.14,154737,0.742,101.34,1.1125,0.0952,0.0109,3334
2024-08-30T00:00:00.000+0000,2.13,131106,0.7413,101.7,1.108,0.0952,0.0109,3347
2024-09-03T00:00:00.000+0000,2.2,221115,0.7409,101.83,1.1067,0.0944,0.0111,3347
2024-09-04T00:00:00.000+0000,2.14,150022,0.7384,101.36,1.1049,0.0937,0.0114,3347
2024-09-05T00:00:00.000+0000,2.25,196899,0.7403,101.11,1.108,0.0941,0.0114,3347
2024-09-06T00:00:00.000+0000,2.28,121498,0.7407,101.18,1.1111,0.0941,0.0113,3387
2024-09-09T00:00:00.000+0000,2.17,121498,0.7373,101.55,1.1087,0.0934,0.0112,3387
2024-09-10T00:00:00.000+0000,2.23,183556,0.7372,101.63,1.1038,0.0922,0.011,3387
2024-09-11T00:00:00.000+0000,2.27,198836,0.7348,101.68,1.1021,0.0925,0.011,3387
2024-09-12T00:00:00.000+0000,2.36,231423,0.7365,101.37,1.1011,0.0921,0.0109,3387
2024-09-13T00:00:00.000+0000,2.31,173713,0.7366,101.11,1.1078,0.0934,0.0112,3445
2024-09-16T00:00:00.000+0000,2.37,163817,0.7365,100.76,1.1088,0.0942,0.0111,3445
2024-09-17T00:00:00.000+0000,2.32,171895,0.736,100.89,1.113,0.0944,0.0109,3445
2024-09-18T00:00:00.000+0000,2.28,137696,0.7357,100.6,1.1123,0.0945,0.0109,3445
2024-09-19T00:00:00.000+0000,2.35,190187,0.7347,100.61,1.1115,0.0945,0.0107,3445
2024-09-20T00:00:00.000+0000,2.43,161905,0.7373,100.72,1.1162,0.0952,0.0108,3493
2024-09-23T00:00:00.000+0000,2.61,124650,0.7372,100.92,1.1161,0.0955,0.0109,3493
2024-09-24T00:00:00.000+0000,2.55,61695,0.7391,100.37,1.1112,0.0954,0.0109,3493
2024-09-25T00:00:00.000+0000,2.64,91605,0.7451,100.92,1.1191,0.0962,0.0108,3493
2024-09-26T00:00:00.000+0000,2.59,187374,0.7417,100.56,1.1131,0.0946,0.0108,3493
2024-09-27T00:00:00.000+0000,2.9,224258,0.7421,100.42,1.1177,0.095,0.0108,3548
2024-09-30T00:00:00.000+0000,2.92,156783,0.7403,100.78,1.117,0.0954,0.0106,3548
2024-10-01T00:00:00.000+0000,2.9,161084,0.7393,101.19,1.1137,0.0949,0.0108,3548
2024-10-02T00:00:00.000+0000,2.89,162673,0.741,101.68,1.1064,0.0943,0.0104,3548
2024-10-03T00:00:00.000+0000,2.97,133170,0.7405,101.99,1.1049,0.0946,0.0105,3548
2024-10-04T00:00:00.000+0000,2.85,173745,0.7381,102.52,1.1036,0.0944,0.0106,3630
2024-10-07T00:00:00.000+0000,2.75,216871,0.7364,102.54,1.0975,0.0937,0.0105,3630
2024-10-08T00:00:00.000+0000,2.73,162513,0.7343,102.55,1.0976,0.094,0.0104,3630
2024-10-09T00:00:00.000+0000,2.66,190644,0.7325,102.93,1.0976,0.0934,0.0103,3630
2024-10-10T00:00:00.000+0000,2.67,188461,0.7294,102.99,1.0943,0.0928,0.0103,3630
2024-10-11T00:00:00.000+0000,2.63,150928,0.7275,102.89,1.0934,0.0932,0.0104,3706
2024-10-14T00:00:00.000+0000,2.49,139692,0.7256,103.3,1.0925,0.0932,0.0104,3706
2024-10-15T00:00:00.000+0000,2.5,156441,0.7245,103.26,1.0909,0.0926,0.0105,3706
2024-10-16T00:00:00.000+0000,2.37,173482,0.7256,103.59,1.0884,0.0924,0.0103,3706
2024-10-17T00:00:00.000+0000,2.35,135847,0.727,103.83,1.0862,0.0916,0.0103,3706
2024-10-18T00:00:00.000+0000,2.26,164160,0.7249,103.49,1.083,0.0916,0.0103,3785
2024-10-21T00:00:00.000+0000,2.31,154025,0.7247,104.01,1.0869,0.0916,0.0105,3785
2024-10-22T00:00:00.000+0000,2.31,198772,0.7229,104.08,1.0818,0.0913,0.0103,3785
2024-10-23T00:00:00.000+0000,2.34,145225,0.7238,104.43,1.0797,0.0916,0.0104,3785
2024-10-24T00:00:00.000+0000,2.52,139719,0.7227,104.06,1.0781,0.091,0.0104,3785
2024-10-25T00:00:00.000+0000,2.56,67455,0.7218,104.26,1.0824,0.0914,0.0104,3864
2024-10-28T00:00:00.000+0000,2.31,89409,0.7197,104.32,1.0797,0.091,0.0103,3864
2024-10-29T00:00:00.000+0000,2.35,143883,0.72,104.28,1.0817,0.091,0.0103,3864
2024-10-30T00:00:00.000+0000,2.85,162834,0.7188,103.99,1.0821,0.0913,0.0103,3864
2024-10-31T00:00:00.000+0000,2.71,185486,0.719,103.98,1.0859,0.0912,0.0103,3864
2024-11-01T00:00:00.000+0000,2.66,166422,0.7176,104.28,1.0886,0.091,0.0103,3931
2024-11-04T00:00:00.000+0000,2.78,201168,0.7185,103.89,1.0875,0.0908,0.0103,3931
2024-11-05T00:00:00.000+0000,2.67,153934,0.7194,103.42,1.0874,0.0909,0.0101,3931
2024-11-06T00:00:00.000+0000,2.75,157298,0.7229,105.09,1.0934,0.0914,0.0102,3931
2024-11-07T00:00:00.000+0000,2.69,165551,0.7169,104.51,1.0733,0.0903,0.0103,3931
2024-11-08T00:00:00.000+0000,2.67,158000,0.7211,105,1.0795,0.092,0.0102,3972
2024-11-11T00:00:00.000+0000,2.92,252383,0.719,105.54,1.0715,0.091,0.0103,3972
2024-11-12T00:00:00.000+0000,2.91,245266,0.7183,106.02,1.0664,0.0907,0.0104,3972
2024-11-13T00:00:00.000+0000,2.98,218400,0.7171,106.48,1.0617,0.0903,0.0102,3972
2024-11-14T00:00:00.000+0000,2.79,209678,0.7147,106.67,1.0564,0.0898,0.0102,3972
2024-11-15T00:00:00.000+0000,2.82,181092,0.7112,106.69,1.053,0.0897,0.01,3969
2024-11-18T00:00:00.000+0000,2.97,188338,0.7099,106.28,1.0534,0.0902,0.01,3969
2024-11-19T00:00:00.000+0000,3,211932,0.7131,106.21,1.0595,0.0909,0.01,3969
2024-11-20T00:00:00.000+0000,3.19,225693,0.7166,106.68,1.0608,0.0913,0.0099,3969
2024-11-21T00:00:00.000+0000,3.34,192156,0.7159,106.97,1.0546,0.0904,0.0099,3969
2024-11-22T00:00:00.000+0000,3.13,95807,0.7153,107.49,1.0469,0.0903,0.0099,3967
2024-11-25T00:00:00.000+0000,3.37,108485,0.7177,106.82,1.048,0.0908,0.0096,3967
2024-11-26T00:00:00.000+0000,3.43,222049,0.7093,107.01,1.0444,0.09,0.0096,3967
2024-11-27T00:00:00.000+0000,3.2,214291,0.7116,106.08,1.0491,0.0897,0.0095,3967
2024-11-29T00:00:00.000+0000,3.36,163060,0.7139,105.74,1.0563,0.0906,0.0093,3937
2024-12-02T00:00:00.000+0000,3.21,208653,0.7136,106.45,1.0545,0.0905,0.0094,3937
2024-12-03T00:00:00.000+0000,3.04,184347,0.7121,106.37,1.0501,0.0902,0.0094,3937
2024-12-04T00:00:00.000+0000,3.04,171700,0.7109,106.34,1.0511,0.0904,0.0095,3937
2024-12-05T00:00:00.000+0000,3.08,183885,0.7106,105.71,1.0514,0.0905,0.0095,3937
2024-12-06T00:00:00.000+0000,3.08,188687,0.7132,105.97,1.0586,0.0906,0.0099,3747
2024-12-09T00:00:00.000+0000,3.18,258430,0.7068,106.15,1.0565,0.0897,0.0102,3747
2024-12-10T00:00:00.000+0000,3.16,233880,0.7056,106.4,1.0555,0.0899,0.01,3747
2024-12-11T00:00:00.000+0000,3.38,276534,0.7055,106.71,1.0533,0.0897,0.0097,3747
2024-12-12T00:00:00.000+0000,3.45,328089,0.7068,106.96,1.0507,0.0898,0.0095,3747
2024-12-13T00:00:00.000+0000,3.28,213643,0.7034,107,1.0474,0.0897,0.0095,3622
2024-12-16T00:00:00.000+0000,3.21,172230,0.7029,106.86,1.051,0.0898,0.0098,3622
2024-12-17T00:00:00.000+0000,3.31,229155,0.7025,106.96,1.0517,0.0897,0.0097,3622
2024-12-18T00:00:00.000+0000,3.37,193391,0.6988,108.03,1.0495,0.0894,0.0096,3622
2024-12-19T00:00:00.000+0000,3.58,195546,0.6915,108.41,1.035,0.0878,0.0096,3622
2024-12-20T00:00:00.000+0000,3.75,221930,0.6943,107.62,1.0365,0.0875,0.0097,3529
2024-12-23T00:00:00.000+0000,3.66,125622,0.6963,108.04,1.0433,0.0884,0.0098,3529
2024-12-24T00:00:00.000+0000,3.95,66852,0.6957,108.26,1.0406,0.0881,0.0099,3529
2024-12-26T00:00:00.000+0000,3.71,67209,0.6967,108.13,1.04,0.0882,0.01,3529
2024-12-27T00:00:00.000+0000,3.51,189959,0.6939,108,1.0423,0.0878,0.01,3413
2024-12-30T00:00:00.000+0000,3.94,374324,0.6943,108.13,1.0429,0.0881,0.0096,3413
